x0,y0,z0,x1,y1,z1,x2,y2,z2,x3,y3,z3,x4,y4,z4,x5,y5,z5,x6,y6,z6,x7,y7,z7,x8,y8,z8,x9,y9,z9,x10,y10,z10,x11,y11,z11,x12,y12,z12,x13,y13,z13,x14,y14,z14,x15,y15,z15,x16,y16,z16,x17,y17,z17,x18,y18,z18,x19,y19,z19,x20,y20,z20,label
0.0,0.0,0.0,0.03458705544471741,-0.029935002326965332,-0.006679324694772504,0.05918896198272705,-0.078285813331604,-0.009321409073521636,0.07089260220527649,-0.12455576658248901,-0.01304209863846495,0.06718868017196655,-0.16488337516784668,-0.015219096821596168,0.040328383445739746,-0.13769635558128357,0.0006371230996649047,0.04772910475730896,-0.18325501680374146,-0.012280149181236766,0.05073583126068115,-0.14551153779029846,-0.0200183901757498,0.04654696583747864,-0.11483252048492432,-0.022502149251153014,0.022932857275009155,-0.1366368532180786,-0.001281357049805365,0.030459612607955933,-0.1774025559425354,-0.014635265600730918,0.03352534770965576,-0.12977606058120728,-0.019394975882818244,0.029275447130203247,-0.10116404294967651,-0.019256439787199042,0.003664851188659668,-0.13018393516540527,-0.0052543797351916055,0.013184785842895508,-0.16337811946868896,-0.018900205177118323,0.018308132886886597,-0.11732959747314453,-0.015377424453248523,0.015423178672790527,-0.09120601415634155,-0.009024546277572654,-0.01791483163833618,-0.11849278211593628,-0.009855763782610438,-0.004353970289230347,-0.1446254849433899,-0.018811146524598144,0.003079146146774292,-0.11229002475738525,-0.013962374796022914,0.0017193257808685303,-0.09082227945327759,-0.007480855827083133,I_LOVE_YOU
0.0,0.0,0.0,0.03367185592651367,-0.029522716999053955,-0.006922469788293029,0.059610575437545776,-0.07705265283584595,-0.009259399806211377,0.07075917720794678,-0.12292894721031189,-0.012561476637671376,0.06630092859268188,-0.1622331738471985,-0.014217415672789002,0.04083886742591858,-0.13804996013641357,8.709549624086321e-05,0.04838171601295471,-0.18465617299079895,-0.012708454241106892,0.051421135663986206,-0.1458640694618225,-0.020125878823051835,0.04772952198982239,-0.11339420080184937,-0.022301135432968522,0.02325347065925598,-0.1372821033000946,-0.0016472298531482465,0.030244797468185425,-0.17859822511672974,-0.014325198565671826,0.03360915184020996,-0.13231241703033447,-0.018714904633412743,0.030524075031280518,-0.10231399536132812,-0.018469940719256783,0.003887951374053955,-0.13012531399726868,-0.005482097935924912,0.011992961168289185,-0.16318506002426147,-0.01852873138810196,0.018157660961151123,-0.1188005805015564,-0.015452019718537713,0.01700630784034729,-0.09139078855514526,-0.009641539153705025,-0.017480552196502686,-0.11681270599365234,-0.009964888763676072,-0.005457490682601929,-0.14432907104492188,-0.01859732143307724,0.002735227346420288,-0.11294543743133545,-0.014129228738198663,0.0029349923133850098,-0.09052234888076782,-0.008068888296435262,I_LOVE_YOU
0.0,0.0,0.0,0.03307047486305237,-0.027038097381591797,-0.006529242196620544,0.057634949684143066,-0.07103842496871948,-0.009396000695915063,0.0707044005393982,-0.11421984434127808,-0.013839474809856256,0.06941941380500793,-0.15528416633605957,-0.016953366739244302,0.03558039665222168,-0.13663679361343384,0.001505093601963381,0.04360184073448181,-0.19024771451950073,-0.011565838871092637,0.04945540428161621,-0.16025590896606445,-0.020166112971992334,0.04739108681678772,-0.1263708770275116,-0.022775850189418634,0.018431246280670166,-0.13635659217834473,-0.00014306049320111924,0.026323139667510986,-0.1836974024772644,-0.012930020620615323,0.03223875164985657,-0.1411120593547821,-0.01840651680299743,0.030380666255950928,-0.10688263177871704,-0.018940326688380082,-0.00025975704193115234,-0.13043922185897827,-0.003978816723019918,0.00889536738395691,-0.17311766743659973,-0.016844627378077348,0.01584702730178833,-0.13080361485481262,-0.01507514708259805,0.014637619256973267,-0.0961121916770935,-0.010023721424431642,-0.02063828706741333,-0.11919677257537842,-0.008545858716161092,-0.007520705461502075,-0.1528441607952118,-0.017951789242715677,0.003730565309524536,-0.12550193071365356,-0.015480446559877237,0.0062982141971588135,-0.09796017408370972,-0.010646499624044736,I_LOVE_YOU
0.0,0.0,0.0,0.03332546353340149,-0.02230459451675415,-0.009683471122457377,0.060365885496139526,-0.0680854320526123,-0.011769274199082247,0.07310312986373901,-0.1123923659324646,-0.01522359060652434,0.07502385973930359,-0.1551910638809204,-0.018385327370538107,0.03749990463256836,-0.1301409900188446,0.007097332788930544,0.04219537973403931,-0.1701255440711975,-0.0012411605060833608,0.048442840576171875,-0.19100400805473328,-0.007272056718989006,0.05262717604637146,-0.19624990224838257,-0.009367298284246317,0.019787907600402832,-0.13487330079078674,0.0061582495033007945,0.028096944093704224,-0.18263569474220276,-0.009758975306226603,0.030106782913208008,-0.1459188163280487,-0.016403344409241072,0.029590696096420288,-0.10724738240242004,-0.014723376320375792,0.0008740425109863281,-0.13472101092338562,0.0027699990238261307,0.009282171726226807,-0.17667445540428162,-0.015185839445962301,0.012581944465637207,-0.13549119234085083,-0.01570493070937573,0.013155817985534668,-0.09399622678756714,-0.008918992193116537,-0.01984599232673645,-0.12851810455322266,-0.0014676729409757172,-0.010456472635269165,-0.1751239001750946,-0.01321329264499127,-0.0037610232830047607,-0.1705261468887329,-0.012411060692443243,-0.000929713249206543,-0.15294408798217773,-0.0075221643277245676,I_LOVE_YOU
0.0,0.0,0.0,0.03285148739814758,-0.02109658718109131,-0.009880065700038188,0.06014358997344971,-0.06680184602737427,-0.011969350991769545,0.07307109236717224,-0.1108318567276001,-0.015237923493607752,0.07370924949645996,-0.15310335159301758,-0.018255782095714324,0.03693324327468872,-0.12824898958206177,0.0062538657654087615,0.04138955473899841,-0.16723302006721497,-0.002002296518533342,0.04761895537376404,-0.1884828507900238,-0.008027565447612517,0.052090972661972046,-0.19515347480773926,-0.010223638048394434,0.019040197134017944,-0.13311108946800232,0.005459937019274719,0.027489066123962402,-0.18095123767852783,-0.010502208737655394,0.029545992612838745,-0.14453202486038208,-0.017197211055083983,0.02898445725440979,-0.10615432262420654,-0.015581495841964,4.1484832763671875e-05,-0.13291645050048828,0.002313239950687773,0.008394598960876465,-0.1758892834186554,-0.015479352107270472,0.011655420064926147,-0.13509529829025269,-0.015971495551987402,0.012233823537826538,-0.09400948882102966,-0.009253280019386523,-0.020890623331069946,-0.1264093518257141,-0.0016877429010335732,-0.011871784925460815,-0.1728954017162323,-0.013287924012168162,-0.005226314067840576,-0.17005130648612976,-0.012600781178100817,-0.0023602545261383057,-0.15476030111312866,-0.007911493783815615,I_LOVE_YOU
0.0,0.0,0.0,0.03189349174499512,-0.012192487716674805,-0.014936725795223538,0.06388446688652039,-0.058753907680511475,-0.01854908205564243,0.07805794477462769,-0.10718032717704773,-0.021288222819521252,0.08206087350845337,-0.1480991244316101,-0.02343908995385391,0.04193583130836487,-0.12752684950828552,-0.004667249228759829,0.051168292760849,-0.1821671724319458,-0.010432770661964241,0.058169811964035034,-0.2155882716178894,-0.013512006215705696,0.06445503234863281,-0.2426971197128296,-0.015157327242150131,0.021064162254333496,-0.1377776563167572,-0.002631277730642978,0.03076353669166565,-0.18546563386917114,-0.019100587069942776,0.03206953406333923,-0.14987215399742126,-0.02619661316271049,0.031036972999572754,-0.11063787341117859,-0.025424507632806126,0.00041031837463378906,-0.14145785570144653,-0.0021337745245091355,0.005088627338409424,-0.19437086582183838,-0.01682103350754005,0.008901536464691162,-0.16061639785766602,-0.017850510030939404,0.012421756982803345,-0.12224704027175903,-0.013245445862366978,-0.02033969759941101,-0.13849294185638428,-0.002925413614093486,-0.02021622657775879,-0.18924742937088013,-0.01136113721872789,-0.012682497501373291,-0.211911141872406,-0.012868584319903675,-0.0034536421298980713,-0.22388774156570435,-0.0113795215263508,I_LOVE_YOU
0.0,0.0,0.0,0.03491020202636719,-0.009484708309173584,-0.016060980613289644,0.0666961669921875,-0.05334728956222534,-0.02071559859341221,0.08172920346260071,-0.10160699486732483,-0.024066923762617876,0.08962035179138184,-0.14157146215438843,-0.026555916870890428,0.04430109262466431,-0.1341831386089325,-0.008084437454996873,0.05477416515350342,-0.19959807395935059,-0.014914475026486684,0.06182733178138733,-0.23835420608520508,-0.018451983685551454,0.06754434108734131,-0.2726910412311554,-0.02073519548302727,0.02259048819541931,-0.14436495304107666,-0.005742430332063009,0.030610620975494385,-0.19103199243545532,-0.02494884898787575,0.03243020176887512,-0.1474052369594574,-0.03269021456962662,0.03096833825111389,-0.10694867372512817,-0.03202386444336014,0.001753687858581543,-0.1471790373325348,-0.004767410567907859,0.005923181772232056,-0.19879886507987976,-0.021460338140784074,0.010825902223587036,-0.15869149565696716,-0.021695515717325975,0.013775140047073364,-0.12150800228118896,-0.01626676378673153,-0.01924753189086914,-0.14348137378692627,-0.005139779875932504,-0.020875662565231323,-0.19505232572555542,-0.01484588032489853,-0.014175385236740112,-0.22125935554504395,-0.016472546960173418,-0.005644619464874268,-0.24500763416290283,-0.015002667549012472,I_LOVE_YOU
0.0,0.0,0.0,0.03535020351409912,-0.013577044010162354,-0.014089750806721923,0.06652197241783142,-0.06123197078704834,-0.018003562214705227,0.08255434036254883,-0.10969486832618713,-0.021424125629398105,0.09139123558998108,-0.1479712724685669,-0.024061927321287868,0.04518646001815796,-0.14191389083862305,-0.0068143515204219796,0.0566253662109375,-0.20982390642166138,-0.014765284704896686,0.06346416473388672,-0.24765229225158691,-0.018829215067359684,0.0692780613899231,-0.28130581974983215,-0.02129545223984408,0.024178802967071533,-0.15063682198524475,-0.0061817078207759835,0.032265305519104004,-0.19804495573043823,-0.02715008494529414,0.033574581146240234,-0.15450981259346008,-0.03559962448749232,0.03181856870651245,-0.11366665363311768,-0.03519215968522715,0.0034117400646209717,-0.1515006721019745,-0.00691085609692621,0.006715685129165649,-0.2042451798915863,-0.025412996980282543,0.011944442987442017,-0.16380131244659424,-0.026399491104218242,0.015380769968032837,-0.12553241848945618,-0.02117750023576903,-0.017625123262405396,-0.14666616916656494,-0.008765894669028995,-0.020981580018997192,-0.20036950707435608,-0.018990056338640926,-0.014488667249679565,-0.22600561380386353,-0.020512688654395816,-0.005604177713394165,-0.24852943420410156,-0.01896861170503783,I_LOVE_YOU
0.0,0.0,0.0,0.0368572473526001,-0.013017535209655762,-0.013544256581562664,0.06848961114883423,-0.058869242668151855,-0.017777532121735717,0.08565467596054077,-0.10617390275001526,-0.021954517594176437,0.09800341725349426,-0.14142277836799622,-0.02548975475748172,0.0456998348236084,-0.1440998911857605,-0.006383712651777174,0.057589948177337646,-0.214728444814682,-0.014580058647888805,0.06485143303871155,-0.25466594099998474,-0.018498090809780265,0.07069063186645508,-0.29140180349349976,-0.020761092907386924,0.02455449104309082,-0.15152791142463684,-0.00619231422116151,0.031264275312423706,-0.19728457927703857,-0.028191847509342338,0.031818240880966187,-0.150985985994339,-0.036433225280243065,0.02957579493522644,-0.11146318912506104,-0.03560008273144355,0.0037211179733276367,-0.15212661027908325,-0.007301298218417074,0.0065472424030303955,-0.20535266399383545,-0.027201078614789154,0.011094123125076294,-0.16099774837493896,-0.026908352753716613,0.013784438371658325,-0.12320110201835632,-0.02022067621965995,-0.017706990242004395,-0.14769688248634338,-0.00951926481594434,-0.019434034824371338,-0.20313569903373718,-0.02028822690864196,-0.014552116394042969,-0.23422974348068237,-0.021008785596686508,-0.008327692747116089,-0.2659657597541809,-0.018655713430243637,I_LOVE_YOU
0.0,0.0,0.0,0.03640058636665344,-0.01494365930557251,-0.01441980837033352,0.06816399097442627,-0.05960196256637573,-0.019199531843226758,0.08576416969299316,-0.10779711604118347,-0.023794977312248555,0.09821814298629761,-0.14337554574012756,-0.027503583898108808,0.04597470164299011,-0.14417323470115662,-0.006778007691067067,0.057986438274383545,-0.21629726886749268,-0.015560032186370698,0.06538388133049011,-0.2566193640232086,-0.019809956048887578,0.07162594795227051,-0.29365086555480957,-0.02240137415127119,0.025196760892868042,-0.15278559923171997,-0.006536142287116853,0.032380253076553345,-0.20161521434783936,-0.029668856730025617,0.03403952717781067,-0.15378820896148682,-0.03839905033008417,0.03243112564086914,-0.11271065473556519,-0.03766193458930811,0.004525542259216309,-0.15410667657852173,-0.007756987904470769,0.007240802049636841,-0.20798856019973755,-0.028424976711433736,0.013002514839172363,-0.16362741589546204,-0.02867835978166422,0.016640514135360718,-0.12596732378005981,-0.022240128685992566,-0.016840040683746338,-0.15073710680007935,-0.010141090807777253,-0.018479257822036743,-0.20592603087425232,-0.021145973672431317,-0.013522088527679443,-0.2358432412147522,-0.022240128685992566,-0.007623910903930664,-0.2670462727546692,-0.02017851205663046,I_LOVE_YOU
0.0,0.0,0.0,0.036697953939437866,-0.015068233013153076,-0.014348801512683806,0.06841260194778442,-0.05922353267669678,-0.019201386075879512,0.08588135242462158,-0.10718128085136414,-0.023868223008181033,0.09819525480270386,-0.14284220337867737,-0.02765277149942058,0.04615631699562073,-0.14496907591819763,-0.006657806512381015,0.058294057846069336,-0.2166859209537506,-0.01541683479067224,0.0656837522983551,-0.2567383944988251,-0.01980505633022922,0.07192185521125793,-0.2936097979545593,-0.022486745667125163,0.025178879499435425,-0.15301522612571716,-0.006425625000561652,0.032447993755340576,-0.2020876407623291,-0.029463785987760005,0.03410777449607849,-0.15450069308280945,-0.03830988081958431,0.0325484573841095,-0.11316066980361938,-0.037682996418739734,0.004475712776184082,-0.15388929843902588,-0.007632966440583644,0.007340341806411743,-0.20721662044525146,-0.028117136385704455,0.012972354888916016,-0.1634569764137268,-0.028488626059557376,0.016538262367248535,-0.12588655948638916,-0.022208127480412898,-0.01684662699699402,-0.15012994408607483,-0.010012821581627307,-0.01841115951538086,-0.2052450180053711,-0.020803434130217013,-0.013667702674865723,-0.23525837063789368,-0.021813421797419963,-0.008004307746887207,-0.2663705348968506,-0.019758618724013743,I_LOVE_YOU
0.0,0.0,0.0,0.037249237298965454,-0.015573322772979736,-0.015222959019991045,0.06987583637237549,-0.061865925788879395,-0.020081095197054033,0.08958175778388977,-0.11093264818191528,-0.024644441702219133,0.1043047308921814,-0.14527800679206848,-0.028276253291221742,0.04689285159111023,-0.1484864056110382,-0.0063085134930931375,0.059754252433776855,-0.21922940015792847,-0.014515462131055479,0.06658926606178284,-0.26054590940475464,-0.01859535443112481,0.07236865162849426,-0.2979065775871277,-0.021260255747290735,0.02563825249671936,-0.15650781989097595,-0.005851589408519153,0.032681673765182495,-0.20989173650741577,-0.028747914158555155,0.03298616409301758,-0.16465944051742554,-0.03796894083246816,0.03104466199874878,-0.12341442704200745,-0.037568025090547685,0.004486590623855591,-0.15761613845825195,-0.006927571990343218,0.007485330104827881,-0.21411895751953125,-0.027969671212884073,0.011799752712249756,-0.17026525735855103,-0.028936581485720758,0.01469731330871582,-0.1320599615573883,-0.02282853590771783,-0.01708582043647766,-0.1543278992176056,-0.009215141446145658,-0.019582629203796387,-0.21233734488487244,-0.020635299184175615,-0.01664087176322937,-0.2459147572517395,-0.022321497821065073,-0.012540638446807861,-0.28076910972595215,-0.020717840441318636,I_LOVE_YOU
0.0,0.0,0.0,0.0373227596282959,-0.014459073543548584,-0.015311831754601712,0.07064959406852722,-0.06156635284423828,-0.02023053649530482,0.0918007493019104,-0.11039847135543823,-0.02468811269567084,0.10853815078735352,-0.14204514026641846,-0.02814066704080176,0.047852545976638794,-0.14944720268249512,-0.007265727647549625,0.06024184823036194,-0.21925348043441772,-0.015229065117395635,0.06632980704307556,-0.25996047258377075,-0.019178218354440446,0.07189714908599854,-0.29655778408050537,-0.02195681180522513,0.025984883308410645,-0.1579103171825409,-0.006621330191350694,0.03284206986427307,-0.2090114951133728,-0.029181162972903962,0.031802982091903687,-0.16496974229812622,-0.03826184864804816,0.029562562704086304,-0.12463909387588501,-0.03811996351645064,0.004298895597457886,-0.15982943773269653,-0.007472644240564819,0.006866425275802612,-0.21695372462272644,-0.028211611469245668,0.010827094316482544,-0.17549127340316772,-0.029819647927737947,0.013940781354904175,-0.13797563314437866,-0.024569877569533105,-0.01734277606010437,-0.15723899006843567,-0.009494516213393922,-0.0211641788482666,-0.21531268954277039,-0.02108185101018023,-0.020484715700149536,-0.25000840425491333,-0.023529379774785752,-0.018227607011795044,-0.2854233384132385,-0.022713537474132295,I_LOVE_YOU
0.0,0.0,0.0,0.03813081979751587,-0.013258099555969238,-0.015708949298532726,0.07198294997215271,-0.06041961908340454,-0.021067226187260868,0.09324941039085388,-0.10958507657051086,-0.02582358184543443,0.11094474792480469,-0.13920310139656067,-0.029553128288062336,0.04929575324058533,-0.14980989694595337,-0.008598022975893738,0.062016963958740234,-0.2209799587726593,-0.016594128564866306,0.06830868124961853,-0.2620631456375122,-0.020099431157978298,0.07373976707458496,-0.2984526455402374,-0.022448101893933536,0.027074545621871948,-0.15828683972358704,-0.007736450874181511,0.03322598338127136,-0.20798683166503906,-0.03066255140391183,0.031634241342544556,-0.16106823086738586,-0.03906583587911916,0.029213130474090576,-0.12004813551902771,-0.038192460195096256,0.005358189344406128,-0.16033589839935303,-0.008338371173413517,0.007137000560760498,-0.2149987518787384,-0.029387894899519207,0.01085314154624939,-0.17298853397369385,-0.03042650210944009,0.013734638690948486,-0.13589924573898315,-0.0245253200390656,-0.016363084316253662,-0.15762588381767273,-0.010091023401292087,-0.020445555448532104,-0.21635466814041138,-0.021716356159122707,-0.0200650691986084,-0.2503262162208557,-0.023592933894069912,-0.018161118030548096,-0.28587663173675537,-0.02215304213848901,I_LOVE_YOU
0.0,0.0,0.0,0.037542492151260376,-0.013838410377502441,-0.01576320416711674,0.07149654626846313,-0.06095254421234131,-0.02099769338451729,0.09369853138923645,-0.10953420400619507,-0.02567049078129635,0.11168518662452698,-0.13936787843704224,-0.02925575486801968,0.049125343561172485,-0.1506403386592865,-0.007457336964536765,0.06137341260910034,-0.22119075059890747,-0.015452480497289756,0.06726419925689697,-0.2624995708465576,-0.019264814997542956,0.07267498970031738,-0.299660325050354,-0.021977664525140383,0.02694571018218994,-0.15982156991958618,-0.006596872671027043,0.032795876264572144,-0.21011778712272644,-0.029853300745118716,0.031248629093170166,-0.16201433539390564,-0.03864915444933281,0.02882710099220276,-0.11994045972824097,-0.0379560045846592,0.005285829305648804,-0.16231399774551392,-0.007296000229645827,0.007050454616546631,-0.21812483668327332,-0.02849090061568127,0.010488271713256836,-0.17568209767341614,-0.02973379156969891,0.01318618655204773,-0.13819903135299683,-0.023973464588154414,-0.016387581825256348,-0.16011783480644226,-0.009196191648472407,-0.020343810319900513,-0.21778690814971924,-0.02091403640292988,-0.019694745540618896,-0.25172585248947144,-0.023148852954138377,-0.01751813292503357,-0.28731703758239746,-0.022037420044172862,I_LOVE_YOU
0.0,0.0,0.0,0.037981897592544556,-0.015223383903503418,-0.015386338204824712,0.07199519872665405,-0.06183865666389465,-0.02073395610668638,0.0939304530620575,-0.10973653197288513,-0.025616045900368478,0.1129898726940155,-0.13803786039352417,-0.02950739473917463,0.04913300275802612,-0.1517212688922882,-0.007245544203305032,0.06180253624916077,-0.2215263843536377,-0.01518341512300947,0.06797850131988525,-0.2622644305229187,-0.0190628262690542,0.07343783974647522,-0.2983504831790924,-0.02177244596996286,0.026657938957214355,-0.1599072515964508,-0.0065770920819876455,0.0322953462600708,-0.21009331941604614,-0.029388028987431314,0.03027406334877014,-0.1637711226940155,-0.03819727324762323,0.027693569660186768,-0.12257826328277588,-0.037719806515359666,0.0047103166580200195,-0.1618453562259674,-0.007418625381523158,0.006671249866485596,-0.2171439230442047,-0.028361476816916253,0.009422779083251953,-0.1749115288257599,-0.029531268262052324,0.011812061071395874,-0.1375598907470703,-0.023753927879714754,-0.01680201292037964,-0.1588631272315979,-0.009429950126194742,-0.020395487546920776,-0.21716710925102234,-0.020972689472818162,-0.020150601863861084,-0.2512478530406952,-0.022834805630826738,-0.018321633338928223,-0.2868849039077759,-0.021426282682204034,I_LOVE_YOU
0.0,0.0,0.0,0.037239789962768555,-0.014182090759277344,-0.015603459323584978,0.0709448754787445,-0.0603710412979126,-0.021055704797446673,0.09370753169059753,-0.10800722241401672,-0.026041640783488695,0.11266598105430603,-0.13693663477897644,-0.029915607417762224,0.0486549437046051,-0.1501390039920807,-0.0076343299586474345,0.0612676739692688,-0.21996557712554932,-0.01603389799112076,0.06732729077339172,-0.2609773874282837,-0.02019482559972996,0.07298573851585388,-0.2977287173271179,-0.023064429755151217,0.026252180337905884,-0.15941885113716125,-0.006922907079398577,0.031989604234695435,-0.21033406257629395,-0.03039387322479481,0.029962539672851562,-0.16340142488479614,-0.03938529908174271,0.02755647897720337,-0.12178561091423035,-0.03888311877363915,0.0043672919273376465,-0.16231316328048706,-0.007783788139760439,0.005958080291748047,-0.21800273656845093,-0.029317770968019907,0.009129583835601807,-0.17581957578659058,-0.030800401116549914,0.01207578182220459,-0.1384449005126953,-0.0250611928057074,-0.017101645469665527,-0.16058117151260376,-0.00979251030349726,-0.02066248655319214,-0.21888330578804016,-0.021593755925834124,-0.02057558298110962,-0.2529314160346985,-0.023698131437241976,-0.018945395946502686,-0.2880721092224121,-0.022406809846699183,I_LOVE_YOU
0.0,0.0,0.0,0.0380573570728302,-0.013970255851745605,-0.015718804176590773,0.07250326871871948,-0.06082698702812195,-0.021152166153929564,0.09495678544044495,-0.10796454548835754,-0.026051684718273016,0.11443555355072021,-0.1354111135005951,-0.02991909856691155,0.04983827471733093,-0.15362682938575745,-0.007527236330948206,0.06292855739593506,-0.22577664256095886,-0.014971419673107,0.06967943906784058,-0.26663607358932495,-0.01875579307570252,0.07526326179504395,-0.30240920186042786,-0.021484337251327368,0.027180641889572144,-0.16165435314178467,-0.006530724435738655,0.031670063734054565,-0.20983383059501648,-0.028258246805212828,0.03003448247909546,-0.1645117998123169,-0.03698959151997361,0.028085827827453613,-0.12442439794540405,-0.0369421387721518,0.005310148000717163,-0.16349276900291443,-0.007046774930945965,0.006640225648880005,-0.21883296966552734,-0.026668572302601667,0.009964972734451294,-0.1780717670917511,-0.027688811968705984,0.012717097997665405,-0.14099252223968506,-0.02240967142178807,-0.016058415174484253,-0.16027843952178955,-0.00883219248398337,-0.019582927227020264,-0.2183241844177246,-0.019586219887874456,-0.019653916358947754,-0.2520155906677246,-0.021235210325262877,-0.018064886331558228,-0.2868717312812805,-0.01990652593567166,I_LOVE_YOU
0.0,0.0,0.0,0.0385308563709259,-0.0145493745803833,-0.015884366454510523,0.07369345426559448,-0.06281226873397827,-0.021138523342041804,0.09647902846336365,-0.11022567749023438,-0.02591724564316733,0.11641258001327515,-0.1371450424194336,-0.029647574396757914,0.05058649182319641,-0.1570625901222229,-0.006881597088603808,0.06344392895698547,-0.22796261310577393,-0.01434834917071326,0.06998994946479797,-0.2695828676223755,-0.018078679786948992,0.07528433203697205,-0.30579088628292084,-0.0207362329680012,0.027466237545013428,-0.16491839289665222,-0.005952062187670304,0.03162115812301636,-0.21210750937461853,-0.028550420524506404,0.028676718473434448,-0.16484412550926208,-0.03744956907811625,0.025436043739318848,-0.12252479791641235,-0.037059467853932215,0.005236387252807617,-0.16605931520462036,-0.0066012121829674975,0.005735963582992554,-0.22000786662101746,-0.02694125716569884,0.007933765649795532,-0.1804032325744629,-0.028257843675045802,0.009890884160995483,-0.14368310570716858,-0.02282082905056937,-0.01677188277244568,-0.16229653358459473,-0.008490758584766223,-0.02002948522567749,-0.22073999047279358,-0.019480599658517672,-0.01990601420402527,-0.2553209364414215,-0.021162905367045237,-0.018432676792144775,-0.29040461778640747,-0.019687839420466258,I_LOVE_YOU
0.0,0.0,0.0,0.03791326284408569,-0.015053391456604004,-0.015549297162949394,0.07249012589454651,-0.06376504898071289,-0.020494569742738555,0.09598055481910706,-0.11111044883728027,-0.025156900936424087,0.11555540561676025,-0.13731053471565247,-0.0288104980230921,0.049194276332855225,-0.15622001886367798,-0.006335347143619607,0.06227496266365051,-0.22800451517105103,-0.013999286757468532,0.06887322664260864,-0.2702981233596802,-0.017923519665061782,0.07457363605499268,-0.3072985112667084,-0.020740602815210174,0.026479244232177734,-0.163865327835083,-0.005634152048885177,0.030695796012878418,-0.21247929334640503,-0.02863827412730391,0.028532326221466064,-0.16627326607704163,-0.038012145736872505,0.02600264549255371,-0.12421071529388428,-0.03786452738350565,0.0045659542083740234,-0.16508698463439941,-0.006519872413634609,0.004820883274078369,-0.21991807222366333,-0.027235881143867324,0.00749698281288147,-0.18091240525245667,-0.029154943952023338,0.009851157665252686,-0.14485692977905273,-0.0239882438421839,-0.01689857244491577,-0.1616823375225067,-0.008635759072064708,-0.020041674375534058,-0.22023552656173706,-0.019953294375597785,-0.020224839448928833,-0.25527334213256836,-0.02213069116479094,-0.018963873386383057,-0.29034101963043213,-0.0209620322079056,I_LOVE_YOU
0.0,0.0,0.0,0.03806650638580322,-0.01479804515838623,-0.015836093341943247,0.07308197021484375,-0.06372743844985962,-0.02084922580980919,0.09647777676582336,-0.11157578229904175,-0.025445619365211947,0.11613547801971436,-0.13768380880355835,-0.02900016098284386,0.049767643213272095,-0.15604540705680847,-0.006704593310144169,0.06285744905471802,-0.22770178318023682,-0.014438790036376936,0.0693056583404541,-0.26990050077438354,-0.01841007149779461,0.07488450407981873,-0.30681194365024567,-0.02125370851719044,0.026886314153671265,-0.16401314735412598,-0.00583127909341119,0.03123265504837036,-0.21231678128242493,-0.028853075345989687,0.028876394033432007,-0.16617542505264282,-0.03819294250571392,0.026308178901672363,-0.12421247363090515,-0.03804586059415005,0.004834353923797607,-0.16559284925460815,-0.006563637172814829,0.0050661563873291016,-0.22068408131599426,-0.027210632106300814,0.007682830095291138,-0.18241962790489197,-0.02917176089250706,0.010199874639511108,-0.1465316116809845,-0.02409734367394112,-0.016770511865615845,-0.16243606805801392,-0.008549279300507528,-0.019910693168640137,-0.22087788581848145,-0.01975834905171059,-0.02005597949028015,-0.2555333375930786,-0.021940102567907793,-0.01860097050666809,-0.2902289628982544,-0.02083696960472725,I_LOVE_YOU
0.0,0.0,0.0,0.038345128297805786,-0.013735294342041016,-0.01618868393013706,0.07320916652679443,-0.06186330318450928,-0.021699993881680868,0.09687891602516174,-0.1091042160987854,-0.026755110371210478,0.11714684963226318,-0.13531136512756348,-0.030823861259319685,0.04985722899436951,-0.1559889018535614,-0.008106662902333639,0.06318357586860657,-0.22826004028320312,-0.01637362782964935,0.07001420855522156,-0.27097246050834656,-0.020541015091636083,0.07575425505638123,-0.30822546780109406,-0.023475448611476324,0.02662980556488037,-0.1643344759941101,-0.007268253258713386,0.030391961336135864,-0.21228107810020447,-0.030848520818450353,0.02669811248779297,-0.16473743319511414,-0.039849095988371275,0.022977560758590698,-0.12189668416976929,-0.03933125455985298,0.004508465528488159,-0.1660800278186798,-0.008045014935829542,0.004821360111236572,-0.22041720151901245,-0.029073066088654897,0.006484895944595337,-0.18113785982131958,-0.030355338949062727,0.008075058460235596,-0.1448281705379486,-0.024745392623641393,-0.017034560441970825,-0.1629735827445984,-0.010128709498145483,-0.02011200785636902,-0.22161853313446045,-0.021589026796915434,-0.020047813653945923,-0.2567485570907593,-0.023450789052345655,-0.018547624349594116,-0.291841596364975,-0.022020560699798963,I_LOVE_YOU
0.0,0.0,0.0,0.03820100426673889,-0.013275980949401855,-0.016425662131640095,0.07306551933288574,-0.06241488456726074,-0.021945972384544987,0.09677109122276306,-0.11053374409675598,-0.026900725828143734,0.11701405048370361,-0.1377166211605072,-0.030835019813510556,0.04997935891151428,-0.1554054319858551,-0.008630837702783722,0.06332850456237793,-0.228184312582016,-0.017163344116541523,0.07007601857185364,-0.27146148681640625,-0.021441888453098912,0.07559490203857422,-0.3092934340238571,-0.024429496766659398,0.026595264673233032,-0.16427502036094666,-0.007739474454554696,0.030318528413772583,-0.21306979656219482,-0.03164646999690213,0.02670624852180481,-0.164946049451828,-0.040670762227508206,0.022951632738113403,-0.12141671776771545,-0.04012979419681706,0.004263848066329956,-0.1666162610054016,-0.008495597557756085,0.004492133855819702,-0.22204959392547607,-0.02955637538585343,0.0063589513301849365,-0.1837470531463623,-0.030957969294520993,0.007901519536972046,-0.14794695377349854,-0.025425363720986027,-0.017245829105377197,-0.16400793194770813,-0.010561102458867211,-0.02023264765739441,-0.22330895066261292,-0.02198285462114491,-0.019994527101516724,-0.2584698796272278,-0.023876235277983326,-0.018335461616516113,-0.2935441732406616,-0.02249923201057591,I_LOVE_YOU
0.0,0.0,0.0,0.03855466842651367,-0.013990044593811035,-0.016424492645977118,0.07370725274085999,-0.06299334764480591,-0.02214110520851431,0.09772410988807678,-0.11110273003578186,-0.027267620611904242,0.11826127767562866,-0.13814088702201843,-0.031398334253547766,0.050916314125061035,-0.15637892484664917,-0.008513437297163584,0.0639989972114563,-0.22914636135101318,-0.0166703692562562,0.0704963207244873,-0.2719673216342926,-0.020690439913390257,0.07587513327598572,-0.3095044642686844,-0.02355489385497389,0.02741202712059021,-0.1650017499923706,-0.007505346734045126,0.03154134750366211,-0.21284887194633484,-0.030931167948959448,0.02802497148513794,-0.16424447298049927,-0.03970893536877451,0.024369388818740845,-0.12125235795974731,-0.03906966065239725,0.004993021488189697,-0.16678959131240845,-0.008095448549805262,0.005497246980667114,-0.2214852273464203,-0.028914986822722533,0.007031381130218506,-0.1816156804561615,-0.029898489538548567,0.008471310138702393,-0.14514821767807007,-0.02408352744948683,-0.016873955726623535,-0.16347861289978027,-0.010000985760210135,-0.020047485828399658,-0.2227177619934082,-0.021305127713797667,-0.01999068260192871,-0.25782090425491333,-0.02290332195532141,-0.018439948558807373,-0.2935292720794678,-0.021305127713797667,I_LOVE_YOU
0.0,0.0,0.0,0.03820022940635681,-0.013637900352478027,-0.016688352528163364,0.07301345467567444,-0.06290227174758911,-0.02240372084374087,0.0973757803440094,-0.11100393533706665,-0.027413945722528865,0.11767342686653137,-0.13805630803108215,-0.031372636634060314,0.05024656653404236,-0.15639594197273254,-0.008801889683255126,0.06341058015823364,-0.229167640209198,-0.017022367644258907,0.06989505887031555,-0.2722945809364319,-0.021092400032230785,0.07507520914077759,-0.3101666122674942,-0.024024311530538967,0.026660531759262085,-0.16506421566009521,-0.007676135826059749,0.03005465865135193,-0.21337518095970154,-0.03144686304325717,0.026962727308273315,-0.16343224048614502,-0.04032919191116946,0.0237005352973938,-0.11931383609771729,-0.039661157953688075,0.004336148500442505,-0.1670292317867279,-0.008183343413421085,0.0042619407176971436,-0.2221967577934265,-0.029121130782314708,0.006228357553482056,-0.18306821584701538,-0.03040770635301726,0.007916480302810669,-0.14717593789100647,-0.024803679513880184,-0.01727902889251709,-0.16390997171401978,-0.010014240707405975,-0.020451903343200684,-0.22323691844940186,-0.021414047184535434,-0.020312905311584473,-0.258444219827652,-0.023269685062714984,-0.01888832449913025,-0.293918251991272,-0.021884141567298343,I_LOVE_YOU
0.0,0.0,0.0,0.03881236910820007,-0.013700127601623535,-0.016266688289688247,0.07396763563156128,-0.062090516090393066,-0.021931649702237266,0.09792548418045044,-0.11046993732452393,-0.027053562509463447,0.11838656663894653,-0.13667291402816772,-0.03115109685306372,0.050464928150177,-0.15557760000228882,-0.008608499127076286,0.06357428431510925,-0.2284967601299286,-0.016896126377032417,0.07018265128135681,-0.271513968706131,-0.020919607537434715,0.07552224397659302,-0.30933932960033417,-0.02378294202928366,0.027291715145111084,-0.16430360078811646,-0.00766433873643102,0.0306645929813385,-0.21215558052062988,-0.03144730399792017,0.027131855487823486,-0.16233813762664795,-0.040061996834920066,0.023592650890350342,-0.11896336078643799,-0.039247421132968086,0.005186021327972412,-0.16603317856788635,-0.008299949164138454,0.00507509708404541,-0.22170335054397583,-0.029373853983925002,0.007058054208755493,-0.1808619201183319,-0.029966268273637908,0.008763432502746582,-0.14382404088974,-0.02384465332572283,-0.016722053289413452,-0.16297653317451477,-0.01026232126598181,-0.019960999488830566,-0.2218887209892273,-0.02177120331172766,-0.019677698612213135,-0.257010817527771,-0.02335097226743521,-0.01797497272491455,-0.29300200939178467,-0.02170949387793364,I_LOVE_YOU
0.0,0.0,0.0,0.038874149322509766,-0.01345604658126831,-0.01639852721856805,0.0737682580947876,-0.06274378299713135,-0.021811282752620897,0.09781569242477417,-0.11124995350837708,-0.026558232052790842,0.11810585856437683,-0.13759386539459229,-0.030257154746520243,0.050276339054107666,-0.1560625433921814,-0.008525988577472887,0.06316283345222473,-0.2291567623615265,-0.016509496165978632,0.06972414255142212,-0.27223390340805054,-0.020319384081828318,0.07498544454574585,-0.3100736439228058,-0.023130564509498797,0.02704828977584839,-0.1644059419631958,-0.00741014725210043,0.029917895793914795,-0.2134171426296234,-0.030972280098664484,0.02700170874595642,-0.16267266869544983,-0.03945513491200181,0.023931384086608887,-0.1183110773563385,-0.038567398233878336,0.0049037933349609375,-0.16601496934890747,-0.00792799659686061,0.004430502653121948,-0.22253155708312988,-0.02882690404223176,0.0066841840744018555,-0.18235015869140625,-0.029689986749160013,0.008577734231948853,-0.1458781659603119,-0.02383335915075513,-0.016866087913513184,-0.16302770376205444,-0.009765128164159975,-0.020066022872924805,-0.2221774458885193,-0.021318093432652674,-0.019965171813964844,-0.25728777050971985,-0.02326619301604005,-0.018495559692382812,-0.2934229224920273,-0.021946909396517,I_LOVE_YOU
0.0,0.0,0.0,0.03923478722572327,-0.01318824291229248,-0.01675199212801992,0.07409706711769104,-0.06270310282707214,-0.022652846372848146,0.09786561131477356,-0.11194810271263123,-0.02787473479581415,0.1190786063671112,-0.1390962302684784,-0.03212137574625551,0.05050984025001526,-0.15745019912719727,-0.00917840430808603,0.06338521838188171,-0.23021137714385986,-0.01738158108962118,0.06996175646781921,-0.27282124757766724,-0.021245532280927293,0.07511016726493835,-0.3103623688220978,-0.024084853551512353,0.026642978191375732,-0.1655701994895935,-0.008085881902998082,0.02992790937423706,-0.21263837814331055,-0.031948548353438966,0.026910871267318726,-0.16176357865333557,-0.04058997014833032,0.02376711368560791,-0.11799183487892151,-0.039824583179479234,0.004128813743591309,-0.16652294993400574,-0.00861671248746454,0.004002302885055542,-0.22126448154449463,-0.02992398346138536,0.006274312734603882,-0.18077543377876282,-0.030738747290497415,0.008202731609344482,-0.14413321018218994,-0.024813201821570985,-0.01784399151802063,-0.16235128045082092,-0.010468445330088727,-0.02088022232055664,-0.22186151146888733,-0.022381259671574227,-0.02055269479751587,-0.2574532628059387,-0.02430706152988016,-0.018954545259475708,-0.29398322105407715,-0.022899745575314157,I_LOVE_YOU
0.0,0.0,0.0,0.038746535778045654,-0.013021528720855713,-0.017456363714275724,0.07341146469116211,-0.06195122003555298,-0.023589018559990294,0.09725186228752136,-0.11137598752975464,-0.02886682172769106,0.11807221174240112,-0.13945943117141724,-0.03305436839812792,0.05005118250846863,-0.1563684344291687,-0.009917532852826483,0.06289118528366089,-0.22929352521896362,-0.018571389666734106,0.06946781277656555,-0.2727249264717102,-0.022659826851425535,0.0746481716632843,-0.3111915588378906,-0.02559606713706053,0.026209086179733276,-0.16511011123657227,-0.008629055521426565,0.029242992401123047,-0.2136175036430359,-0.03322781791442431,0.02690097689628601,-0.1607840657234192,-0.04190025647634066,0.0243796706199646,-0.11538809537887573,-0.040884343734918005,0.0036469697952270508,-0.16657564043998718,-0.00906887167596615,0.003396362066268921,-0.2222278118133545,-0.0307499801879505,0.0061560869216918945,-0.182307630777359,-0.03171633725517786,0.008331537246704102,-0.146363765001297,-0.025744739747581846,-0.01818251609802246,-0.162959486246109,-0.01089628023558653,-0.020907819271087646,-0.222397118806839,-0.02295716834717787,-0.020574837923049927,-0.257769376039505,-0.025013776323733694,-0.019229263067245483,-0.2945238798856735,-0.023688129908380873,I_LOVE_YOU
0.0,0.0,0.0,0.038900226354599,-0.013016104698181152,-0.01700981338141716,0.07354843616485596,-0.06354135274887085,-0.02304953527270115,0.09781387448310852,-0.11282899975776672,-0.028349701358063584,0.11894410848617554,-0.13978666067123413,-0.032639134718163376,0.05068466067314148,-0.1573188602924347,-0.010168904481513863,0.0638725757598877,-0.23141711950302124,-0.018686143724305992,0.07054212689399719,-0.274996280670166,-0.02263045128999508,0.07568597793579102,-0.31322790682315826,-0.025490077255351906,0.026750832796096802,-0.1656668484210968,-0.009133523372991448,0.03021019697189331,-0.21425175666809082,-0.03328008581517494,0.02713826298713684,-0.16400817036628723,-0.04178499807236946,0.02401217818260193,-0.12050721049308777,-0.04089752961514748,0.004039973020553589,-0.1663801074028015,-0.009743659799976712,0.003825962543487549,-0.2216683328151703,-0.031283281786425476,0.006036877632141113,-0.18170389533042908,-0.032072141809447174,0.008005142211914062,-0.14580532908439636,-0.02608172227261818,-0.01798531413078308,-0.16221609711647034,-0.01170965009002245,-0.02087894082069397,-0.22223767638206482,-0.02391235348401821,-0.02056601643562317,-0.25827866792678833,-0.025983115701063042,-0.019005149602890015,-0.29543057084083557,-0.02468888838408745,I_LOVE_YOU
0.0,0.0,0.0,0.03880125284194946,-0.014016866683959961,-0.017069615112808023,0.0735136866569519,-0.06415164470672607,-0.023012842672136102,0.09775018692016602,-0.11325576901435852,-0.028133732887175356,0.11887252330780029,-0.14049360156059265,-0.03219555846061972,0.05008092522621155,-0.15824216604232788,-0.009705996761288915,0.06323772668838501,-0.23233962059020996,-0.018166059317257677,0.06988227367401123,-0.2760764956474304,-0.022040992664363657,0.07507550716400146,-0.31455036997795105,-0.024869318740632806,0.02624693512916565,-0.1664031445980072,-0.008646932119694029,0.029094427824020386,-0.21633368730545044,-0.03306773087587622,0.026607513427734375,-0.1635553240776062,-0.04149041852560309,0.023997604846954346,-0.1180809736251831,-0.04031921333279875,0.0036204159259796143,-0.16728475689888,-0.009288601266410623,0.0032085776329040527,-0.22364532947540283,-0.030899760933783327,0.0060427188873291016,-0.18345454335212708,-0.03159749663081435,0.008403390645980835,-0.14794349670410156,-0.025492297174599443,-0.018271565437316895,-0.16305479407310486,-0.011288365969624792,-0.021100610494613647,-0.2228938639163971,-0.023386627124812875,-0.02059030532836914,-0.25867873430252075,-0.02538016407397059,-0.019038528203964233,-0.2959882915019989,-0.024034527750876222,I_LOVE_YOU
0.0,0.0,0.0,0.03912246227264404,-0.01342242956161499,-0.016877033279611098,0.07454803586006165,-0.06416431069374084,-0.02265240298338078,0.09872224926948547,-0.11414593458175659,-0.027616976292206274,0.11979123950004578,-0.1407586932182312,-0.03158364863820218,0.05148422718048096,-0.15904653072357178,-0.00977320363499068,0.06449747085571289,-0.2330261468887329,-0.018012149722649085,0.0710461437702179,-0.2767123579978943,-0.02190397726125859,0.07614961266517639,-0.3145282417535782,-0.024735527576281058,0.027078896760940552,-0.1673547327518463,-0.008706693069411742,0.03028520941734314,-0.2150334119796753,-0.032806080297900664,0.02626633644104004,-0.16540667414665222,-0.04168742568917416,0.022239625453948975,-0.12139442563056946,-0.04098889278001927,0.004259645938873291,-0.16850560903549194,-0.00922435568399571,0.00377461314201355,-0.2236766815185547,-0.030211529226376044,0.0059146881103515625,-0.1870032548904419,-0.03165848972029828,0.0077269673347473145,-0.15241634845733643,-0.02631970168776654,-0.017827749252319336,-0.16441106796264648,-0.011051767037583815,-0.020646005868911743,-0.22416752576828003,-0.022540139497591483,-0.020132988691329956,-0.2597835958003998,-0.02448605233557366,-0.018413543701171875,-0.2956705242395401,-0.023201251865698325,I_LOVE_YOU
0.0,0.0,0.0,0.03913390636444092,-0.01372528076171875,-0.016946848700046147,0.07464879751205444,-0.06419450044631958,-0.022620912859439457,0.0988604724407196,-0.11418873071670532,-0.027416251817941273,0.11986935138702393,-0.14084520936012268,-0.031157119417786205,0.05093526840209961,-0.1585344672203064,-0.009615756789445484,0.06414106488227844,-0.23306423425674438,-0.017775362575649822,0.0706881582736969,-0.27705949544906616,-0.02166686601400336,0.07575556635856628,-0.3151669204235077,-0.024554113144278134,0.026696473360061646,-0.1669287085533142,-0.008454581940769756,0.029480308294296265,-0.2155037522315979,-0.032738827387094105,0.02613314986228943,-0.16454371809959412,-0.04172694704890212,0.022670865058898926,-0.11945173144340515,-0.04099885768651923,0.003914386034011841,-0.16845351457595825,-0.008912774952351654,0.0033239424228668213,-0.2244570255279541,-0.02977626233756503,0.005855292081832886,-0.18873023986816406,-0.031383075038194264,0.007888883352279663,-0.15505149960517883,-0.026211139032840336,-0.017954260110855103,-0.1648828685283661,-0.010689058559238518,-0.020855218172073364,-0.22462975978851318,-0.021955592775940502,-0.020222216844558716,-0.2597392797470093,-0.02396411098003348,-0.018389791250228882,-0.2952621281147003,-0.02278410478889903,I_LOVE_YOU
0.0,0.0,0.0,0.0386824905872345,-0.012664377689361572,-0.017591693993553648,0.07414555549621582,-0.06384497880935669,-0.023547550286993513,0.09862777590751648,-0.11432081460952759,-0.028437623377785215,0.11986750364303589,-0.14091822504997253,-0.03232460245107127,0.05111056566238403,-0.15793821215629578,-0.010858440395340452,0.06439405679702759,-0.2318931519985199,-0.019221718978032598,0.07089114189147949,-0.27615195512771606,-0.023083621259674558,0.07605364918708801,-0.31430381536483765,-0.02592989392195655,0.026973187923431396,-0.1667187213897705,-0.009372610222444067,0.029975414276123047,-0.21464407444000244,-0.03395462929819537,0.02523711323738098,-0.16479426622390747,-0.042957378175005445,0.020677417516708374,-0.11960679292678833,-0.04215490221594287,0.0042819976806640625,-0.16850993037223816,-0.009523074697598943,0.0037967264652252197,-0.22269827127456665,-0.03056919164572669,0.005419731140136719,-0.1887231469154358,-0.03265061005567027,0.006759911775588989,-0.1560831367969513,-0.027735460173234472,-0.01766321063041687,-0.1651601791381836,-0.010990095879778394,-0.019831717014312744,-0.22438031435012817,-0.022318765144691,-0.019208073616027832,-0.25956979393959045,-0.02455064244185401,-0.017603784799575806,-0.29462309181690216,-0.023547550286993513,I_LOVE_YOU
0.0,0.0,0.0,0.03909382224082947,-0.01303243637084961,-0.01743923677016035,0.07505843043327332,-0.06454360485076904,-0.022997764776237162,0.09919849038124084,-0.11528503894805908,-0.027542235235459955,0.12041851878166199,-0.14141932129859924,-0.031147768626697214,0.05182906985282898,-0.1590299904346466,-0.010090462769158037,0.06522399187088013,-0.23309043049812317,-0.018152831027991922,0.07162374258041382,-0.27762919664382935,-0.022021267468817385,0.07678574323654175,-0.3157258480787277,-0.02488816520083681,0.027612507343292236,-0.16714593768119812,-0.00865075355280176,0.03105136752128601,-0.21598774194717407,-0.03290045997012392,0.025389432907104492,-0.16935336589813232,-0.04228986417759195,0.020136147737503052,-0.12517786026000977,-0.04178909575451151,0.004747569561004639,-0.16831371188163757,-0.008832282292432936,0.003913164138793945,-0.22311335802078247,-0.02984577221680418,0.00480884313583374,-0.19130340218544006,-0.032625034357197435,0.005812793970108032,-0.15913954377174377,-0.028193237165696772,-0.017415344715118408,-0.16465690732002258,-0.010297029184885176,-0.019159585237503052,-0.22453880310058594,-0.021670730690248163,-0.01869833469390869,-0.2602403461933136,-0.024174572805650385,-0.017152607440948486,-0.2949266880750656,-0.023360824118144663,I_LOVE_YOU
0.0,0.0,0.0,0.039178043603897095,-0.01286625862121582,-0.01740505200607423,0.07526281476020813,-0.06416425108909607,-0.023017967387863436,0.09959015250205994,-0.11456480622291565,-0.0275359901486123,0.12034827470779419,-0.14085659384727478,-0.031110134243794718,0.05169081687927246,-0.158086895942688,-0.01025676567835454,0.06520724296569824,-0.23309940099716187,-0.018449608504601755,0.07178956270217896,-0.27802562713623047,-0.022464229062029162,0.0771419107913971,-0.3161705434322357,-0.025472047075458804,0.027599424123764038,-0.1663181185722351,-0.008954216062852183,0.030564814805984497,-0.21721279621124268,-0.03355162617547158,0.02498495578765869,-0.17025604844093323,-0.04306589838845376,0.01980668306350708,-0.1251780390739441,-0.04261283975822572,0.004864513874053955,-0.16814351081848145,-0.009306596860119143,0.004444330930709839,-0.22488301992416382,-0.03000265386683587,0.005665004253387451,-0.1962725818157196,-0.032922376215287485,0.006754249334335327,-0.16638672351837158,-0.028819659992882052,-0.017277389764785767,-0.16501736640930176,-0.010955233394929209,-0.01897752285003662,-0.22513163089752197,-0.022036338493057528,-0.018352925777435303,-0.2606806755065918,-0.024578511982985773,-0.01666390895843506,-0.29506322741508484,-0.02396184605342988,I_LOVE_YOU
0.0,0.0,0.0,0.038806915283203125,-0.013002872467041016,-0.01763472237120034,0.07502111792564392,-0.06479161977767944,-0.023387095857957618,0.09973731637001038,-0.11526495218276978,-0.028094730306962745,0.1209772527217865,-0.14127492904663086,-0.03184573255906464,0.05180841684341431,-0.15860915184020996,-0.010982358795205371,0.06534790992736816,-0.2334727942943573,-0.019321414609054344,0.07192280888557434,-0.27818912267684937,-0.023324160803655403,0.07723292708396912,-0.3164408206939697,-0.0262318169368303,0.027686983346939087,-0.167201966047287,-0.009566292133728282,0.03119930624961853,-0.21767359972000122,-0.03421213381419541,0.025460004806518555,-0.17093873023986816,-0.043702925522426384,0.019791632890701294,-0.12611037492752075,-0.04322460942397477,0.004979729652404785,-0.16875416040420532,-0.009736221250692623,0.004105478525161743,-0.22412025928497314,-0.03091427587399842,0.005221575498580933,-0.19151091575622559,-0.033607947607139366,0.006291121244430542,-0.15862733125686646,-0.02907653615305783,-0.01716059446334839,-0.16521573066711426,-0.011221516844431179,-0.019111067056655884,-0.22564631700515747,-0.022531163845757263,-0.01835721731185913,-0.2615911662578583,-0.024998265285590904,-0.016519904136657715,-0.2967308461666107,-0.024205268327692764,I_LOVE_YOU
0.0,0.0,0.0,0.03886896371841431,-0.013038456439971924,-0.017436674608626745,0.07524445652961731,-0.06456801295280457,-0.02308500632528343,0.0997941792011261,-0.11494123935699463,-0.02771209813539066,0.12060233950614929,-0.14124998450279236,-0.031393597646394156,0.05188223719596863,-0.15843474864959717,-0.010426694339850329,0.06555896997451782,-0.23365938663482666,-0.018672247229853056,0.07217437028884888,-0.278657466173172,-0.02266894727829971,0.07740563154220581,-0.31698083877563477,-0.025619189067521475,0.027874767780303955,-0.16694998741149902,-0.009216338208654307,0.03111705183982849,-0.218399316072464,-0.03378909714404621,0.02519601583480835,-0.17153114080429077,-0.043194575979152106,0.019500315189361572,-0.12648984789848328,-0.04263982437435665,0.00523066520690918,-0.16859230399131775,-0.009626093133130453,0.004843771457672119,-0.22498208284378052,-0.030611912532487295,0.005919963121414185,-0.19354265928268433,-0.03318392000977077,0.006802499294281006,-0.16145789623260498,-0.028645082189479254,-0.017154008150100708,-0.16530144214630127,-0.011347068286278628,-0.019084066152572632,-0.22551420331001282,-0.022618512435593985,-0.018317818641662598,-0.261360228061676,-0.02498879544321575,-0.016516506671905518,-0.2963521331548691,-0.024156675486603163,I_LOVE_YOU
0.0,0.0,0.0,0.03907942771911621,-0.012238800525665283,-0.017639095993706277,0.07546091079711914,-0.06406792998313904,-0.022929568873712114,0.10015255212783813,-0.11469927430152893,-0.027121543051668695,0.12114357948303223,-0.13970306515693665,-0.030404412286349825,0.05267816781997681,-0.15863758325576782,-0.010044301958748392,0.06635257601737976,-0.23278069496154785,-0.017740107240149072,0.07256156206130981,-0.2775478959083557,-0.021376519562670282,0.07763788104057312,-0.31568241119384766,-0.024154330702492288,0.0287531316280365,-0.16689571738243103,-0.008415493281551889,0.032067298889160156,-0.21795448660850525,-0.03237413159198432,0.025567680597305298,-0.1729688048362732,-0.04179344615525871,0.01984405517578125,-0.12906566262245178,-0.04133889740891128,0.005906462669372559,-0.16811606287956238,-0.008383927034207872,0.004862844944000244,-0.2233283519744873,-0.02921752920932441,0.004999399185180664,-0.1924770474433899,-0.03227312407083183,0.005583316087722778,-0.16078370809555054,-0.028030644269653848,-0.016484558582305908,-0.16458645462989807,-0.009640256041654638,-0.01816195249557495,-0.22449469566345215,-0.020770450221368364,-0.017646759748458862,-0.26039913296699524,-0.02338412134534984,-0.015895724296569824,-0.29488590359687805,-0.022727544518181375,I_LOVE_YOU
0.0,0.0,0.0,0.039190202951431274,-0.012538015842437744,-0.017634091200870117,0.0755455493927002,-0.06336453557014465,-0.023112408118885597,0.09999725222587585,-0.11388158798217773,-0.027467289241593917,0.120565265417099,-0.14037460088729858,-0.03082496603075846,0.0524824857711792,-0.1584804654121399,-0.009953092085760673,0.06601777672767639,-0.23356854915618896,-0.017709830077928146,0.07247674465179443,-0.27850642800331116,-0.021496682661217292,0.07763594388961792,-0.31653010845184326,-0.024387314217728218,0.028352022171020508,-0.16661754250526428,-0.008463596227210601,0.031324028968811035,-0.2186833918094635,-0.0325669173622547,0.025604844093322754,-0.17265748977661133,-0.042059296044152816,0.020410925149917603,-0.1276940107345581,-0.04165536654238089,0.005518108606338501,-0.16816624999046326,-0.008634004975300869,0.005015283823013306,-0.225021094083786,-0.029284977587503036,0.006153494119644165,-0.1948973536491394,-0.03226396930460318,0.007205009460449219,-0.16331711411476135,-0.028148922371309837,-0.01670357584953308,-0.16501134634017944,-0.010129811475616535,-0.018531829118728638,-0.22516033053398132,-0.021319964202684005,-0.017968982458114624,-0.26111021637916565,-0.02407174301390036,-0.01619166135787964,-0.295783668756485,-0.023604697781246742,I_LOVE_YOU
0.0,0.0,0.0,0.03901448845863342,-0.011994898319244385,-0.017929848513986713,0.07534262537956238,-0.06311026215553284,-0.023721019036557323,0.10005658864974976,-0.11367955803871155,-0.02834889688291753,0.1210293173789978,-0.13980233669281006,-0.03209166438081468,0.05239349603652954,-0.157181054353714,-0.011082863665606624,0.0661587119102478,-0.23198533058166504,-0.0192575177619716,0.07269877195358276,-0.2774057984352112,-0.023291105634953624,0.07820478081703186,-0.3159030079841614,-0.026300491995598918,0.028380393981933594,-0.16570532321929932,-0.009432759366418964,0.03138411045074463,-0.21660715341567993,-0.03393775806524957,0.02518916130065918,-0.171222984790802,-0.0436740054259559,0.01967880129814148,-0.12636619806289673,-0.04337053582766259,0.005653738975524902,-0.16749969124794006,-0.009394826597954875,0.004525810480117798,-0.22338175773620605,-0.030245568833734637,0.005427926778793335,-0.193975031375885,-0.03350784466364587,0.006685703992843628,-0.1627165675163269,-0.02956276782551015,-0.016552597284317017,-0.16449087858200073,-0.010671918510880118,-0.018489688634872437,-0.22473251819610596,-0.02173583418824876,-0.017887860536575317,-0.260841965675354,-0.024479689307000285,-0.015945613384246826,-0.2951609343290329,-0.02399919763901437,I_LOVE_YOU
0.0,0.0,0.0,0.0391770601272583,-0.011905014514923096,-0.017910983231328004,0.07556948065757751,-0.06281852722167969,-0.0236842611845951,0.10027840733528137,-0.11344924569129944,-0.028300368976257317,0.12069684267044067,-0.14052462577819824,-0.03197313081886577,0.05224931240081787,-0.15694743394851685,-0.010741551224551671,0.06595265865325928,-0.23284867405891418,-0.019017841484807008,0.07280850410461426,-0.27829068899154663,-0.02316856552328872,0.07837393879890442,-0.3168402463197708,-0.026237586331031792,0.028371572494506836,-0.16550689935684204,-0.009219618332050317,0.03158906102180481,-0.21858134865760803,-0.03373404201533603,0.02553260326385498,-0.17337167263031006,-0.043393909749052995,0.019855350255966187,-0.12840190529823303,-0.04311719891097354,0.005761295557022095,-0.167820006608963,-0.00936426483508157,0.0053643882274627686,-0.2252914011478424,-0.030337998461387627,0.006341755390167236,-0.19522568583488464,-0.03333155047561931,0.007214963436126709,-0.1631193459033966,-0.029155669551752084,-0.016437232494354248,-0.16525936126708984,-0.010854751620851033,-0.01851239800453186,-0.22590702772140503,-0.022174909528754227,-0.01789534091949463,-0.26243478059768677,-0.02492947858240413,-0.016136348247528076,-0.29705706238746643,-0.024438939806483262,I_LOVE_YOU
0.0,0.0,0.0,0.038794755935668945,-0.01251065731048584,-0.018541168304201605,0.07503864169120789,-0.06310337781906128,-0.024633271502372267,0.10019683837890625,-0.11411592364311218,-0.029539747046348097,0.12151497602462769,-0.14125165343284607,-0.033525468664285185,0.05241397023200989,-0.15797609090805054,-0.011137311229523661,0.06624805927276611,-0.23268532752990723,-0.019512373836752417,0.07304427027702332,-0.2773208022117615,-0.02378819498610163,0.07892158627510071,-0.31573888659477234,-0.026916233705398085,0.028825879096984863,-0.16666299104690552,-0.009163368376013281,0.032381266355514526,-0.21790015697479248,-0.03337411011945868,0.02668815851211548,-0.17280489206314087,-0.04313660960089827,0.021466076374053955,-0.1289520561695099,-0.04306093405377531,0.006109714508056641,-0.1682547926902771,-0.008860655942973139,0.005259513854980469,-0.22523489594459534,-0.029792006941553595,0.005778878927230835,-0.19293540716171265,-0.03271823550951147,0.006794959306716919,-0.15960976481437683,-0.02848025027107859,-0.016145646572113037,-0.1652332842350006,-0.009964297408279421,-0.01804327964782715,-0.22564822435379028,-0.021202521281358244,-0.017525553703308105,-0.2621834874153137,-0.023926939697977545,-0.015595495700836182,-0.2968856543302536,-0.02337196643840933,I_LOVE_YOU
0.0,0.0,0.0,0.039205312728881836,-0.01217108964920044,-0.018332477481026288,0.07596668601036072,-0.06330955028533936,-0.024111063972968694,0.101056307554245,-0.11447721719741821,-0.028615331099290486,0.12174490094184875,-0.1416197419166565,-0.03209762071158373,0.05259639024734497,-0.15785109996795654,-0.010938918971378442,0.06671103835105896,-0.23317968845367432,-0.019001178265471097,0.07364073395729065,-0.2782859802246094,-0.022950300768870946,0.07944837212562561,-0.31702202558517456,-0.025990994469184514,0.029188334941864014,-0.16667026281356812,-0.009077911087233659,0.03249123692512512,-0.22048956155776978,-0.033207917408008214,0.02673882246017456,-0.1739005446434021,-0.04254449699904406,0.021357685327529907,-0.1284586787223816,-0.042115514920014974,0.006717383861541748,-0.1688002347946167,-0.008901273653764363,0.006240516901016235,-0.22758179903030396,-0.0295489894309231,0.006923794746398926,-0.19591262936592102,-0.03214809094454729,0.007592260837554932,-0.16319867968559265,-0.02780784462477648,-0.015576869249343872,-0.16616857051849365,-0.010125122786421414,-0.017657160758972168,-0.22689580917358398,-0.021259622470397588,-0.017033547163009644,-0.2631024122238159,-0.023934425608176824,-0.015145808458328247,-0.2980787605047226,-0.023454980746764775,I_LOVE_YOU
0.0,0.0,0.0,0.038996338844299316,-0.012776076793670654,-0.018419770758103304,0.07536560297012329,-0.06420409679412842,-0.024369800697516375,0.10025933384895325,-0.11514881253242493,-0.029218442972253733,0.12176305055618286,-0.1423165202140808,-0.0331682509290685,0.05261695384979248,-0.15922501683235168,-0.010393555510293417,0.06706660985946655,-0.2335837483406067,-0.01881221891517537,0.07430821657180786,-0.2780066728591919,-0.023192454363655024,0.08044800162315369,-0.31625084578990936,-0.026382683079194003,0.029074013233184814,-0.16780921816825867,-0.00854524900342124,0.03318464756011963,-0.21898305416107178,-0.03291505784864324,0.027020573616027832,-0.17440620064735413,-0.04278957680935758,0.021410256624221802,-0.13102832436561584,-0.04268830479259389,0.006563544273376465,-0.16931408643722534,-0.00840599299545186,0.006200224161148071,-0.2254270315170288,-0.029699508334945612,0.006577938795089722,-0.19227364659309387,-0.032585906099032336,0.007471799850463867,-0.15867829322814941,-0.0280790759729852,-0.015649139881134033,-0.16581586003303528,-0.009665626335393362,-0.01726430654525757,-0.22610968351364136,-0.021141590784739428,-0.01655617356300354,-0.2627308666706085,-0.02374947839553254,-0.01448887586593628,-0.29767943918704987,-0.022964580218743258,I_LOVE_YOU
0.0,0.0,0.0,0.038977742195129395,-0.012116312980651855,-0.018503274962641925,0.07565239071846008,-0.06272447109222412,-0.024514625043012828,0.10064363479614258,-0.11365476250648499,-0.029321167812087268,0.1216554343700409,-0.14109545946121216,-0.03315118719670984,0.05261752009391785,-0.15771076083183289,-0.010513507955112189,0.06700003147125244,-0.23286467790603638,-0.018833011582829684,0.07438617944717407,-0.27804625034332275,-0.0230688603672764,0.0804014801979065,-0.3164310157299042,-0.026226720035412043,0.0292719304561615,-0.16666162014007568,-0.008680932417847842,0.0329647958278656,-0.21935003995895386,-0.033227276251055926,0.027016669511795044,-0.17412179708480835,-0.043119378581979007,0.021218955516815186,-0.12926331162452698,-0.04296718929741594,0.006966888904571533,-0.16898179054260254,-0.00857313369248125,0.007201343774795532,-0.22617223858833313,-0.029549449876286715,0.007806628942489624,-0.19588804244995117,-0.03271999229524347,0.008299291133880615,-0.16400304436683655,-0.028661698297002047,-0.015056610107421875,-0.1661536693572998,-0.009873056978323191,-0.01689210534095764,-0.22631478309631348,-0.02107775603268358,-0.016233742237091064,-0.26254817843437195,-0.023855153665282458,-0.01450437307357788,-0.2968980371952057,-0.02336054873500082,I_LOVE_YOU
0.0,0.0,0.0,0.039578258991241455,-0.012666404247283936,-0.01817223099043641,0.07621678709983826,-0.06446754932403564,-0.023752984078433848,0.10045772790908813,-0.11633104085922241,-0.028296046377923822,0.12166061997413635,-0.14362233877182007,-0.03181406897475991,0.05295121669769287,-0.1586153209209442,-0.010073180729356146,0.0676150918006897,-0.2334233522415161,-0.01819754061272416,0.0747014582157135,-0.27776557207107544,-0.022095209406521654,0.08073189854621887,-0.31620796024799347,-0.024955187411811686,0.02960139513015747,-0.16729050874710083,-0.008206602604892588,0.03370940685272217,-0.2192102074623108,-0.03249742877652917,0.02742987871170044,-0.17320281267166138,-0.041937884362247324,0.02177479863166809,-0.12925973534584045,-0.04140638601949487,0.006970703601837158,-0.1690617799758911,-0.008048417465594149,0.006072670221328735,-0.22577744722366333,-0.029637452633884287,0.006062120199203491,-0.19057804346084595,-0.032193713309076166,0.006816357374191284,-0.15585264563560486,-0.027308972971346712,-0.015547722578048706,-0.16623666882514954,-0.00924429339340005,-0.01690879464149475,-0.22653836011886597,-0.02104486194422517,-0.016459733247756958,-0.26300063729286194,-0.023778293700721598,-0.014733731746673584,-0.2982873320579529,-0.02301900875737939,I_LOVE_YOU
0.0,0.0,0.0,0.0393500030040741,-0.011915802955627441,-0.01850422594622181,0.07601398229598999,-0.06298241019248962,-0.0243717351175885,0.10074993968009949,-0.11415490508079529,-0.029032725206766585,0.1215868592262268,-0.14175346493721008,-0.03258879233077572,0.053076356649398804,-0.15749013423919678,-0.010426873638484935,0.06764662265777588,-0.23279863595962524,-0.01849152643159435,0.07485663890838623,-0.2776258587837219,-0.022225396073613624,0.08072030544281006,-0.31639160215854645,-0.025057549885664443,0.029748767614364624,-0.16680744290351868,-0.008496438450370292,0.033520638942718506,-0.22003689408302307,-0.033020598179851035,0.02737310528755188,-0.1721024215221405,-0.042215572036061744,0.021801263093948364,-0.12641972303390503,-0.04142815742567585,0.0074190497398376465,-0.16933736205101013,-0.008318635001037578,0.007459044456481934,-0.22696402668952942,-0.02964233543649719,0.007695138454437256,-0.19269528985023499,-0.03197917837575481,0.008157163858413696,-0.15920835733413696,-0.027076888195429305,-0.014876037836074829,-0.16684120893478394,-0.009537857323143939,-0.016443371772766113,-0.22644361853599548,-0.02114587772563503,-0.015931814908981323,-0.26225951313972473,-0.02377482440248535,-0.014336377382278442,-0.2974592447280884,-0.02303821157589958,I_LOVE_YOU
0.0,0.0,0.0,0.03924602270126343,-0.0123291015625,-0.017990172229710666,0.07577022910118103,-0.06411761045455933,-0.023555847205225078,0.10000380873680115,-0.11583912372589111,-0.028145309858027545,0.12152174115180969,-0.1422891914844513,-0.031796595402065364,0.05295261740684509,-0.15816691517829895,-0.00970505023748025,0.0675233006477356,-0.23226308822631836,-0.018040884606543628,0.07501566410064697,-0.276316836476326,-0.022326072998348323,0.08132097125053406,-0.3143066316843033,-0.025482913799587337,0.029377013444900513,-0.166853666305542,-0.008063239365819541,0.03339344263076782,-0.2180573046207428,-0.03263334775716409,0.02695712447166443,-0.17324557900428772,-0.042623671092096416,0.02125599980354309,-0.13013386726379395,-0.04252224633843049,0.006863653659820557,-0.16871541738510132,-0.008101273648444263,0.0064123570919036865,-0.22536465525627136,-0.029615966923538295,0.006637006998062134,-0.19234144687652588,-0.03260799343139276,0.007454425096511841,-0.1588262915611267,-0.028145309858027545,-0.015264630317687988,-0.1656569242477417,-0.009489523567262736,-0.01686355471611023,-0.22584524750709534,-0.021134334005418864,-0.016274094581604004,-0.2626453638076782,-0.02388547765463933,-0.014238953590393066,-0.29778167605400085,-0.023200860567394344,I_LOVE_YOU
0.0,0.0,0.0,0.03926289081573486,-0.01192408800125122,-0.018074051863248286,0.07588744163513184,-0.06270802021026611,-0.02380885129302257,0.10041657090187073,-0.11407184600830078,-0.028434499553139148,0.12172913551330566,-0.14106440544128418,-0.03208964822321647,0.05305787920951843,-0.15722748637199402,-0.009931897199447093,0.06762516498565674,-0.23129898309707642,-0.018263110345895228,0.07509151101112366,-0.27591198682785034,-0.022498038983638224,0.08122032880783081,-0.31405892968177795,-0.02563642283409351,0.029710769653320312,-0.166340172290802,-0.008331195837552485,0.03354048728942871,-0.2194308042526245,-0.03282067683964485,0.027339965105056763,-0.1743209958076477,-0.042576135522420344,0.021336764097213745,-0.1303035020828247,-0.04232406002908462,0.007425963878631592,-0.1686709225177765,-0.008450933187003073,0.0072754621505737305,-0.2259921431541443,-0.02969489564626926,0.00774875283241272,-0.19484499096870422,-0.03261901197462791,0.00825512409210205,-0.16247397661209106,-0.02823283655076736,-0.014751136302947998,-0.16596975922584534,-0.009938199459309516,-0.016374915838241577,-0.22639140486717224,-0.021451910412604747,-0.015694230794906616,-0.26275384426116943,-0.02417436373859161,-0.013946473598480225,-0.2977539300918579,-0.023569374731476245,I_LOVE_YOU
0.0,0.0,0.0,0.039216428995132446,-0.011813640594482422,-0.018093625432475946,0.07566273212432861,-0.06291830539703369,-0.023754980764016054,0.10026714205741882,-0.1142023503780365,-0.028294153860434434,0.12159764766693115,-0.14098238945007324,-0.031849839142187975,0.05302467942237854,-0.1570686399936676,-0.009872680878862283,0.06736055016517639,-0.23114967346191406,-0.0180810171874608,0.07479777932167053,-0.27572542428970337,-0.022254532551988504,0.08095300197601318,-0.31372566521167755,-0.025381518876775644,0.029655426740646362,-0.16614297032356262,-0.008202012977227113,0.03357955813407898,-0.2193748950958252,-0.03260636737070932,0.027343660593032837,-0.17440944910049438,-0.042390801361426256,0.021281719207763672,-0.1303994357585907,-0.04216384922586336,0.007392197847366333,-0.168247789144516,-0.008246143697425268,0.007290273904800415,-0.22545504570007324,-0.02947938104592218,0.007698953151702881,-0.19415757060050964,-0.032555934390648744,0.008290469646453857,-0.16200095415115356,-0.028294153860434434,-0.014720112085342407,-0.16559132933616638,-0.00964572129271879,-0.01639348268508911,-0.2258138656616211,-0.0211953915419425,-0.015781104564666748,-0.26225370168685913,-0.02404498343788042,-0.014102935791015625,-0.29732638597488403,-0.02352802304051771,I_LOVE_YOU
0.0,0.0,0.0,0.039786189794540405,-0.011447429656982422,-0.01818679627909736,0.07628664374351501,-0.0639466643333435,-0.02343880367412643,0.09998854994773865,-0.11688196659088135,-0.027632849113488955,0.12150272727012634,-0.14291024208068848,-0.030983051107669635,0.053574562072753906,-0.15744659304618835,-0.009867972516859336,0.06870433688163757,-0.2326357364654541,-0.017821548329139514,0.07631146907806396,-0.2772098183631897,-0.02177629788353519,0.08267524838447571,-0.3154202252626419,-0.024635301725412173,0.03005543351173401,-0.1660095751285553,-0.007852813051486773,0.03329387307167053,-0.21776670217514038,-0.03188987244799213,0.027259081602096558,-0.17484840750694275,-0.04161301051213817,0.022291243076324463,-0.13267174363136292,-0.04138630424573497,0.007512509822845459,-0.16783541440963745,-0.0075127559801884125,0.0064452290534973145,-0.22432944178581238,-0.028967892573619647,0.006481140851974487,-0.1910218596458435,-0.03209138830139713,0.007667332887649536,-0.15705230832099915,-0.027582472012782855,-0.01477813720703125,-0.16499748826026917,-0.008532929056728644,-0.016183465719223022,-0.2254515290260315,-0.0202523337764986,-0.01581975817680359,-0.26304781436920166,-0.02319950220122413,-0.01383894681930542,-0.29835793375968933,-0.022569766090656085,I_LOVE_YOU
0.0,0.0,0.0,0.03932103514671326,-0.010865330696105957,-0.01860483072946817,0.07595470547676086,-0.06285879015922546,-0.024221866282327476,0.1006028950214386,-0.11483737826347351,-0.028771412449581923,0.12189960479736328,-0.14214080572128296,-0.03235513240347654,0.05356794595718384,-0.1582241952419281,-0.010319067987306418,0.06922751665115356,-0.23293954133987427,-0.018744622247917953,0.07704940438270569,-0.2776816189289093,-0.022938337999089065,0.08359065651893616,-0.31594236195087433,-0.026001018362744155,0.029828548431396484,-0.1673414409160614,-0.00840012531976253,0.03346547484397888,-0.21863073110580444,-0.0334226217890814,0.0278303325176239,-0.1736794114112854,-0.04346212268124372,0.022885620594024658,-0.1301516592502594,-0.04328420654187948,0.007086515426635742,-0.1693345308303833,-0.008247626836104693,0.006491601467132568,-0.22552451491355896,-0.030321816804511847,0.007150322198867798,-0.1924259066581726,-0.033753036412103476,0.008556544780731201,-0.15873950719833374,-0.029406824039919677,-0.015101701021194458,-0.1664399802684784,-0.009480324464543166,-0.01644107699394226,-0.22671571373939514,-0.021642097162707152,-0.015901386737823486,-0.26352864503860474,-0.02490811132143289,-0.013993293046951294,-0.29847897589206696,-0.024514158147080245,I_LOVE_YOU
0.0,0.0,0.0,0.03942948579788208,-0.011142194271087646,-0.018352281868230236,0.07635396718978882,-0.06267821788787842,-0.02395215314603938,0.10119551420211792,-0.11460864543914795,-0.028457500606547725,0.12186124920845032,-0.14261138439178467,-0.031970147609483135,0.053184837102890015,-0.1580009162425995,-0.010200653791200054,0.0691213309764862,-0.2330005168914795,-0.01867045518733157,0.07723230123519897,-0.27764642238616943,-0.022844903737079036,0.08393415808677673,-0.3159494400024414,-0.025873924240242374,0.02972090244293213,-0.16736480593681335,-0.008387059539328945,0.03400498628616333,-0.21968615055084229,-0.03334465679503573,0.02788907289505005,-0.1728295385837555,-0.04306807053066386,0.022198736667633057,-0.12831544876098633,-0.04253353607631816,0.007270902395248413,-0.1700596809387207,-0.008297971084486377,0.007845044136047363,-0.22740241885185242,-0.029959282472502125,0.008383393287658691,-0.19361594319343567,-0.0326064942476858,0.009101808071136475,-0.1598782241344452,-0.027770244151126278,-0.014945119619369507,-0.16744646430015564,-0.009596122063468826,-0.016072124242782593,-0.22743982076644897,-0.021355847462784183,-0.015323400497436523,-0.26383501291275024,-0.023990329921018017,-0.013459652662277222,-0.2988291531801224,-0.023124898418556583,I_LOVE_YOU
0.0,0.0,0.0,0.03964567184448242,-0.010796844959259033,-0.019086934509024545,0.07644075155258179,-0.062122613191604614,-0.025025380658254548,0.10131213068962097,-0.11463326215744019,-0.029628630610451623,0.12234354019165039,-0.1430473029613495,-0.033189153181657716,0.0534815788269043,-0.1578959822654724,-0.0110757563955044,0.069207102060318,-0.23264753818511963,-0.019557433085784837,0.07726940512657166,-0.27727942168712616,-0.02367746818278782,0.08399814367294312,-0.3159484565258026,-0.02672934334193222,0.029821306467056274,-0.16745296120643616,-0.008914009550855084,0.03399449586868286,-0.22083941102027893,-0.033824963378057404,0.02824041247367859,-0.17337018251419067,-0.04336207534585945,0.022961914539337158,-0.1280607283115387,-0.04275170143161766,0.007338106632232666,-0.1698037087917328,-0.00852616678391449,0.007647722959518433,-0.227827250957489,-0.030239004524693414,0.008477389812469482,-0.19361868500709534,-0.03283310111080162,0.009639084339141846,-0.15982839465141296,-0.02800096187208645,-0.01482883095741272,-0.16680729389190674,-0.009587965788588448,-0.016296058893203735,-0.22706091403961182,-0.021490288781270905,-0.015479624271392822,-0.26352086663246155,-0.02435142535184376,-0.013370811939239502,-0.29909101128578186,-0.02371561515544407,I_LOVE_YOU
0.0,0.0,0.0,0.03973004221916199,-0.009703278541564941,-0.01932414760857082,0.07616084814071655,-0.060522377490997314,-0.025350233074717288,0.10048738121986389,-0.11343187093734741,-0.030181269627504115,0.1217784583568573,-0.14117860794067383,-0.034020671155743365,0.05358290672302246,-0.1578640639781952,-0.010494792368702655,0.06966808438301086,-0.23223060369491577,-0.019019029569320445,0.0779029130935669,-0.2770562320947647,-0.023366964888267283,0.0848655104637146,-0.3153540939092636,-0.026545276400141482,0.02994045615196228,-0.16704007983207703,-0.00823818752586103,0.03361126780509949,-0.21874454617500305,-0.033257876988940005,0.027484774589538574,-0.17422768473625183,-0.04332677787213779,0.022125452756881714,-0.13063815236091614,-0.043123365845970874,0.007389843463897705,-0.1690520942211151,-0.007805937901578908,0.006715655326843262,-0.2250773012638092,-0.02985072461932159,0.006680190563201904,-0.19195818901062012,-0.03297818964391208,0.007418960332870483,-0.1583942472934723,-0.028401413467221026,-0.014722764492034912,-0.16594788432121277,-0.008848424535684352,-0.01638355851173401,-0.22618836164474487,-0.020938733127407794,-0.015713542699813843,-0.2635033428668976,-0.02396448655097938,-0.013735204935073853,-0.29907846450805664,-0.023354250472478633,I_LOVE_YOU
0.0,0.0,0.0,0.03962427377700806,-0.009947657585144043,-0.019357223261835088,0.07650694251060486,-0.06010234355926514,-0.025381732930185308,0.1010313332080841,-0.11283653974533081,-0.030122541089298238,0.1215905249118805,-0.1420121192932129,-0.03380842340433787,0.05354061722755432,-0.15670138597488403,-0.010714467813016881,0.07004708051681519,-0.232011616230011,-0.01930638422513198,0.07866695523262024,-0.2772858738899231,-0.02362776381218623,0.08559685945510864,-0.316123828291893,-0.026767118100764264,0.03016635775566101,-0.16686293482780457,-0.008356774423958768,0.034188300371170044,-0.2197360098361969,-0.033503385458828916,0.028286635875701904,-0.17342323064804077,-0.04336629268968295,0.02273896336555481,-0.1285785734653473,-0.042908733908774366,0.007824718952178955,-0.17004135251045227,-0.007822957087995519,0.008377134799957275,-0.22826457023620605,-0.02958872375333499,0.00877484679222107,-0.19488605856895447,-0.032308647607209195,0.00940653681755066,-0.16091614961624146,-0.027504291583539953,-0.01403161883354187,-0.16792142391204834,-0.008782557409944047,-0.015519559383392334,-0.22808390855789185,-0.02070447636091899,-0.014785796403884888,-0.26461008191108704,-0.023576922912837972,-0.012785285711288452,-0.29964394867420197,-0.022852458257915487,I_LOVE_YOU
0.0,0.0,0.0,0.03963649272918701,-0.010307252407073975,-0.019301252161092464,0.07639142870903015,-0.0606311559677124,-0.0251921449796626,0.10113868117332458,-0.11270928382873535,-0.029848875199384395,0.12161210179328918,-0.14137986302375793,-0.03346229689282865,0.053814053535461426,-0.15782466530799866,-0.010229530465728942,0.06993719935417175,-0.23253417015075684,-0.01834700414998025,0.07803013920783997,-0.2773285359144211,-0.022354846541709605,0.08463168144226074,-0.31583020091056824,-0.025281209220118228,0.03018251061439514,-0.1676560938358307,-0.007843909506625835,0.033170491456985474,-0.2196577787399292,-0.03246987955731839,0.02794530987739563,-0.1727520227432251,-0.042165040691322986,0.023151546716690063,-0.12727147340774536,-0.041681557615227405,0.007716059684753418,-0.17027074098587036,-0.007296807319796983,0.007229626178741455,-0.22762560844421387,-0.02870377684099168,0.008512616157531738,-0.19385835528373718,-0.03142656730575055,0.010029971599578857,-0.15949922800064087,-0.026693494711942378,-0.014315634965896606,-0.16776415705680847,-0.008244693932063285,-0.015766769647598267,-0.2278064787387848,-0.019899246935672465,-0.015040725469589233,-0.2643716335296631,-0.022723821644611064,-0.013008534908294678,-0.2996503561735153,-0.02201131517154664,I_LOVE_YOU
0.0,0.0,0.0,0.03921771049499512,-0.010454654693603516,-0.01912743070241507,0.07600140571594238,-0.06225842237472534,-0.024819817702141367,0.10041111707687378,-0.11484602093696594,-0.029340615804162584,0.12191945314407349,-0.14137697219848633,-0.032880848581758104,0.05384132266044617,-0.15957114100456238,-0.00976110280570086,0.07000672817230225,-0.23401802778244019,-0.017930375720229708,0.07798632979393005,-0.2788464277982712,-0.022171011502709947,0.08477172255516052,-0.3167089372873306,-0.025329202721682154,0.030074119567871094,-0.1683429777622223,-0.007564376416471563,0.033043503761291504,-0.21996775269508362,-0.032524278695550524,0.027160555124282837,-0.17628437280654907,-0.042966684634652696,0.02207767963409424,-0.1322888731956482,-0.043017624254193865,0.007335841655731201,-0.17011544108390808,-0.007214173982706629,0.005957365036010742,-0.22700870037078857,-0.028882170404162966,0.006575345993041992,-0.19677433371543884,-0.032753499532905184,0.00794893503189087,-0.1641196310520172,-0.02885670059439238,-0.014767169952392578,-0.1669461727142334,-0.008322087424662672,-0.016350150108337402,-0.22715920209884644,-0.020158937509027086,-0.015973955392837524,-0.26443755626678467,-0.02359729291018542,-0.014030933380126953,-0.2995104193687439,-0.02341900796708163,I_LOVE_YOU
0.0,0.0,0.0,0.03947976231575012,-0.010651648044586182,-0.01917385078457734,0.07668855786323547,-0.06179600954055786,-0.02506168513981244,0.10140413045883179,-0.11431264877319336,-0.029669554451979607,0.12248441576957703,-0.14213380217552185,-0.0332534550824537,0.05403593182563782,-0.15917256474494934,-0.010252502294756383,0.07069092988967896,-0.23362436890602112,-0.01845707140354058,0.07886424660682678,-0.278515949845314,-0.022552955443538636,0.08551496267318726,-0.31693632900714874,-0.025624868939198464,0.030363470315933228,-0.16866141557693481,-0.008031764546908349,0.03393891453742981,-0.2214031219482422,-0.03289506352929017,0.027998268604278564,-0.17553293704986572,-0.04282758525995156,0.022857695817947388,-0.13027384877204895,-0.04249479390171906,0.007813721895217896,-0.17107528448104858,-0.007634975495315999,0.007476538419723511,-0.22928288578987122,-0.02895277507094285,0.00845763087272644,-0.19825738668441772,-0.03210148356346032,0.009679317474365234,-0.16571581363677979,-0.02780080541459462,-0.014190822839736938,-0.16797104477882385,-0.008710145498193711,-0.015768051147460938,-0.22811675071716309,-0.02030021838334939,-0.015118837356567383,-0.26478615403175354,-0.02328253678468606,-0.013126462697982788,-0.2996111810207367,-0.022796147982157677,I_LOVE_YOU
0.0,0.0,0.0,0.039122819900512695,-0.010707736015319824,-0.01929775147388435,0.07626411318778992,-0.06180077791213989,-0.025290685581664807,0.10088300704956055,-0.11418342590332031,-0.03001588477442718,0.12211346626281738,-0.14247775077819824,-0.03372944972167469,0.05378693342208862,-0.1600589156150818,-0.010327559771637684,0.0701148509979248,-0.23395869135856628,-0.018567842307190663,0.07835632562637329,-0.27837349474430084,-0.022755213888983494,0.0850781798362732,-0.31639015674591064,-0.025905345442394978,0.03011879324913025,-0.16919606924057007,-0.00813143129150129,0.03382217884063721,-0.22176188230514526,-0.03290990448246456,0.027785956859588623,-0.17668038606643677,-0.04292373812447048,0.022291898727416992,-0.1322038471698761,-0.0427444622541473,0.007460594177246094,-0.17115679383277893,-0.007772880016516215,0.007103025913238525,-0.2288379669189453,-0.029298781293134457,0.007834434509277344,-0.1976076364517212,-0.03260257548342205,0.008985668420791626,-0.1649075746536255,-0.028453622820477253,-0.014556586742401123,-0.16768783330917358,-0.008880547123651272,-0.01619255542755127,-0.2277967929840088,-0.020719152751068837,-0.01560857892036438,-0.26454758644104004,-0.023894895675282246,-0.013696908950805664,-0.2996082901954651,-0.023549149620036847,I_LOVE_YOU
0.0,0.0,0.0,0.03943902254104614,-0.011044025421142578,-0.018786598192223142,0.07609871029853821,-0.06131786108016968,-0.02451983858800752,0.1007845401763916,-0.11294975876808167,-0.02933166381872518,0.12192550301551819,-0.14029958844184875,-0.033196483002670835,0.05388385057449341,-0.15896666049957275,-0.009514874042638372,0.07013064622879028,-0.2333376407623291,-0.017890779496797155,0.0784449577331543,-0.27821625769138336,-0.022254696311124395,0.0852997899055481,-0.3164733946323395,-0.025364466206797193,0.030393600463867188,-0.16799920797348022,-0.007512079747088979,0.033168405294418335,-0.21934351325035095,-0.03232625891424043,0.027841240167617798,-0.17527642846107483,-0.042640973077782224,0.02354753017425537,-0.131687730550766,-0.04266656582213266,0.007718145847320557,-0.17013883590698242,-0.007320119263299535,0.006580382585525513,-0.22648048400878906,-0.028998932065137456,0.0072247982025146484,-0.1939825713634491,-0.032377448128231595,0.008731722831726074,-0.16007211804389954,-0.02802632954872472,-0.014489471912384033,-0.16726744174957275,-0.008599859857626985,-0.015725404024124146,-0.22733721137046814,-0.020335085885294507,-0.015322655439376831,-0.26489540934562683,-0.02335527372516019,-0.013507992029190063,-0.30003760755062103,-0.022753795804151128,I_LOVE_YOU
0.0,0.0,0.0,0.03945654630661011,-0.011012434959411621,-0.019538067214706523,0.076851487159729,-0.06085476279258728,-0.02578667172096072,0.1020335853099823,-0.11259883642196655,-0.03071910881302653,0.12270921468734741,-0.14172354340553284,-0.03460372418961821,0.05425235629081726,-0.1582850217819214,-0.01091269210777579,0.07062172889709473,-0.23274606466293335,-0.01934639357827006,0.07891261577606201,-0.2773338854312897,-0.023601578482010943,0.08573564887046814,-0.3158152401447296,-0.026732271470645053,0.03084239363670349,-0.16807547211647034,-0.008523142830052954,0.03440287709236145,-0.22015655040740967,-0.033249219812968356,0.028937041759490967,-0.17361974716186523,-0.043165208705285174,0.024215877056121826,-0.12879148125648499,-0.04293519810638724,0.008334547281265259,-0.17061057686805725,-0.007954507068315131,0.008462011814117432,-0.22881841659545898,-0.02926237874529658,0.009367257356643677,-0.1958620548248291,-0.03204805583558379,0.010688066482543945,-0.1623581051826477,-0.027575638078668696,-0.013768762350082397,-0.16786235570907593,-0.008906492896893603,-0.015029877424240112,-0.22764259576797485,-0.02052199833891688,-0.01451161503791809,-0.2643602192401886,-0.02340990298292933,-0.012709438800811768,-0.29987217485904694,-0.022834878348329646,I_LOVE_YOU
0.0,0.0,0.0,0.03929123282432556,-0.011102259159088135,-0.019570461409308404,0.07623317837715149,-0.06126806139945984,-0.025804393859722108,0.10081583261489868,-0.11352565884590149,-0.03076087956330964,0.12228402495384216,-0.14173942804336548,-0.034746508048989266,0.054149478673934937,-0.15931108593940735,-0.01042395451120326,0.07044681906700134,-0.23269620537757874,-0.01871457410059163,0.07874619960784912,-0.27711068093776703,-0.02301956241033265,0.08570477366447449,-0.31527186930179596,-0.02621317555210778,0.030668914318084717,-0.16873663663864136,-0.00810539157144019,0.0338188111782074,-0.22109317779541016,-0.032600401835658044,0.028234511613845825,-0.17599421739578247,-0.04261557285688111,0.023425251245498657,-0.13181591033935547,-0.04251337324283311,0.008020013570785522,-0.17062592506408691,-0.007626349507041663,0.007314741611480713,-0.22816917300224304,-0.02899800327620694,0.007928133010864258,-0.1954912543296814,-0.03201277454397866,0.00931742787361145,-0.16235509514808655,-0.02761836622855851,-0.014315664768218994,-0.1672760546207428,-0.008667467096962422,-0.015384405851364136,-0.22748446464538574,-0.020311378808834046,-0.01428106427192688,-0.2645089626312256,-0.02322395418784806,-0.01179361343383789,-0.2999502718448639,-0.02268742670319268,I_LOVE_YOU
0.0,0.0,0.0,0.039361655712127686,-0.010604619979858398,-0.01980477082129728,0.07654371857643127,-0.061000943183898926,-0.026083088242972008,0.10119569301605225,-0.11337614059448242,-0.031008758345210663,0.12249082326889038,-0.14203661680221558,-0.03493908675905477,0.05440175533294678,-0.15877991914749146,-0.010642512464487663,0.07071635127067566,-0.23253855109214783,-0.019013602980935684,0.07897281646728516,-0.27715495228767395,-0.02327571133669626,0.0859585702419281,-0.3153690695762634,-0.026414868184888474,0.030852437019348145,-0.1685791015625,-0.00820519751455795,0.034274131059646606,-0.22144916653633118,-0.032897355729305855,0.028254657983779907,-0.1754480004310608,-0.04282526555057775,0.02295592427253723,-0.13055375218391418,-0.0425190094351412,0.008326828479766846,-0.17090153694152832,-0.0076437217607737695,0.008095204830169678,-0.22911801934242249,-0.028992553004586807,0.008658051490783691,-0.19638574123382568,-0.03185097383853208,0.009764939546585083,-0.162876695394516,-0.027282603779399506,-0.013902872800827026,-0.16785413026809692,-0.008632684820854775,-0.014862239360809326,-0.22817760705947876,-0.020149311745131127,-0.013807058334350586,-0.26500746607780457,-0.022943931394779793,-0.011392712593078613,-0.30035459995269775,-0.022318650731408707,I_LOVE_YOU
0.0,0.0,0.0,0.0396517813205719,-0.01089566946029663,-0.019149681358443957,0.07671394944190979,-0.060965895652770996,-0.025200979589330416,0.10106247663497925,-0.11302465200424194,-0.030052229567276698,0.12196743488311768,-0.14201608300209045,-0.03395876641462968,0.05400228500366211,-0.15745973587036133,-0.0105259397913091,0.07055562734603882,-0.23186814785003662,-0.019060315369474154,0.07887798547744751,-0.2764677405357361,-0.023362610294329386,0.08586189150810242,-0.314816951751709,-0.026503158538448077,0.03045666217803955,-0.16690778732299805,-0.008381176545130473,0.03387647867202759,-0.21937242150306702,-0.03324384595345185,0.02846163511276245,-0.1737467348575592,-0.043201677306400996,0.024027377367019653,-0.12968534231185913,-0.04302294905375169,0.007769674062728882,-0.1689627468585968,-0.008042865237998229,0.007541656494140625,-0.2272515892982483,-0.029669238059627276,0.008033335208892822,-0.1943645477294922,-0.03250339235256837,0.00930050015449524,-0.1610201895236969,-0.027958534463154536,-0.014447957277297974,-0.16569063067436218,-0.009198230496453505,-0.015659093856811523,-0.22563058137893677,-0.021141245766388636,-0.014772027730941772,-0.2629077434539795,-0.024166896744477015,-0.012411117553710938,-0.29885661602020264,-0.023656237675654154,I_LOVE_YOU
0.0,0.0,0.0,0.03986024856567383,-0.010448694229125977,-0.019168350024457048,0.077187180519104,-0.06081867218017578,-0.025023228599066805,0.10163155198097229,-0.11295881867408752,-0.029478025732870172,0.12216925621032715,-0.14222851395606995,-0.0329145799561692,0.054269641637802124,-0.15724512934684753,-0.010812423302168916,0.0710039734840393,-0.23160478472709656,-0.019244718475575517,0.07930827140808105,-0.2762947231531143,-0.023355859441990923,0.08624345064163208,-0.31500184535980225,-0.026397847680683206,0.03076210618019104,-0.1669328212738037,-0.008546840509707998,0.03454425930976868,-0.22098910808563232,-0.033321877120370935,0.029103219509124756,-0.17370256781578064,-0.042893328814144205,0.024586230516433716,-0.12861859798431396,-0.04235875338160522,0.008244216442108154,-0.16948124766349792,-0.008101360982592176,0.008335083723068237,-0.22860315442085266,-0.029452568961615633,0.009131520986557007,-0.1959550678730011,-0.031972711084718775,0.010649651288986206,-0.16303566098213196,-0.02728880673491485,-0.013801932334899902,-0.16671967506408691,-0.009151419734890531,-0.015013575553894043,-0.2269115447998047,-0.02086117222749717,-0.01392260193824768,-0.2634841501712799,-0.023750427289242815,-0.01142624020576477,-0.2990788519382477,-0.023203122539753984,I_LOVE_YOU
0.0,0.0,0.0,0.03969481587409973,-0.010966718196868896,-0.018886221444740947,0.0764092206954956,-0.06097492575645447,-0.024859007319942172,0.10085552930831909,-0.11245876550674438,-0.02967289263619488,0.12143024802207947,-0.14149338006973267,-0.03349343674494332,0.05382838845252991,-0.15671154856681824,-0.010570166504517253,0.07036775350570679,-0.23198235034942627,-0.019204597792163547,0.07892253994941711,-0.27616986632347107,-0.023509079462423976,0.08597460389137268,-0.31464242935180664,-0.026616457721725162,0.030298948287963867,-0.16639763116836548,-0.008475234604016002,0.03440970182418823,-0.21895083785057068,-0.033417027315631564,0.02906295657157898,-0.17125558853149414,-0.04312121110273903,0.024438589811325073,-0.12649229168891907,-0.04271368297053879,0.00774720311164856,-0.16893497109413147,-0.008150488010183032,0.008380144834518433,-0.22859299182891846,-0.029774773737922366,0.009222179651260376,-0.19326460361480713,-0.032041631510987933,0.010605603456497192,-0.15853148698806763,-0.027074921748176273,-0.014419227838516235,-0.166202574968338,-0.009309387637808975,-0.015744954347610474,-0.22641199827194214,-0.021204018837347682,-0.014653563499450684,-0.26334261894226074,-0.023954810446634944,-0.012093156576156616,-0.29963067173957825,-0.023228907829657253,I_LOVE_YOU
0.0,0.0,0.0,0.03939107060432434,-0.010751008987426758,-0.018938055253519437,0.07639393210411072,-0.06132802367210388,-0.024868927887572667,0.101082444190979,-0.11302724480628967,-0.029527081168188474,0.12184461951255798,-0.14171692728996277,-0.03316705859352531,0.05386742949485779,-0.15718352794647217,-0.010830832636846921,0.07068464159965515,-0.23210152983665466,-0.0194344166581768,0.07902935147285461,-0.27661216259002686,-0.023621663442744634,0.08610296249389648,-0.3151971101760864,-0.02670164405454578,0.030307143926620483,-0.16703540086746216,-0.008711755267276189,0.03456634283065796,-0.22049865126609802,-0.0337270591323513,0.028984099626541138,-0.17238575220108032,-0.04332335851241531,0.024221569299697876,-0.12684178352355957,-0.04278881660748901,0.007738232612609863,-0.1697492003440857,-0.008374485178782365,0.00825086236000061,-0.2298315167427063,-0.029756171620382688,0.009211510419845581,-0.19617950916290283,-0.0321234296922821,0.010661840438842773,-0.16239285469055176,-0.027312550685300252,-0.014486104249954224,-0.16692399978637695,-0.009513568124665639,-0.01572549343109131,-0.22727134823799133,-0.021139862007393262,-0.014579325914382935,-0.26395732164382935,-0.023888934395207784,-0.011950671672821045,-0.2998501807451248,-0.023265302172793767,I_LOVE_YOU
0.0,0.0,0.0,0.03954756259918213,-0.011980772018432617,-0.018267736486104358,0.07650420069694519,-0.06239786744117737,-0.024216855592039455,0.10108348727226257,-0.11364001035690308,-0.029197807139662135,0.12215790152549744,-0.14221373200416565,-0.03322333534708344,0.05387622117996216,-0.15770453214645386,-0.01029311464628302,0.0709218680858612,-0.23318344354629517,-0.019108510292080272,0.07988056540489197,-0.2774576097726822,-0.023477988964823115,0.08720234036445618,-0.3161277770996094,-0.02657357109239422,0.03034031391143799,-0.16733896732330322,-0.008707107691970695,0.034756749868392944,-0.21907353401184082,-0.03373289545526825,0.02947866916656494,-0.17196190357208252,-0.04344001849642121,0.024657756090164185,-0.12778714299201965,-0.043134287646916736,0.007878303527832031,-0.16978523135185242,-0.008853605664280284,0.009130716323852539,-0.22947165369987488,-0.030624576560166705,0.01003989577293396,-0.19354376196861267,-0.032713775238898624,0.011231303215026855,-0.15821382403373718,-0.02761817043176018,-0.014312982559204102,-0.16673332452774048,-0.010445982865002978,-0.015460550785064697,-0.22736448049545288,-0.022446131980923045,-0.01423296332359314,-0.26463741064071655,-0.02507036802819096,-0.011534363031387329,-0.30127952992916107,-0.024242332852390636,I_LOVE_YOU
0.0,0.0,0.0,0.039517372846603394,-0.0118485689163208,-0.018694772086127465,0.07638111710548401,-0.06202840805053711,-0.024836792311652367,0.10114899277687073,-0.11299344897270203,-0.029891167468412583,0.12221303582191467,-0.14206230640411377,-0.03390907559452838,0.05383327603340149,-0.15780797600746155,-0.010844498573823635,0.07087832689285278,-0.23320892453193665,-0.019884788132293885,0.07965642213821411,-0.2778862714767456,-0.024222592524274056,0.08701729774475098,-0.31676363945007324,-0.027255213520510857,0.030217885971069336,-0.16762372851371765,-0.009117054454072182,0.03457412123680115,-0.22055545449256897,-0.03452327538190669,0.02932789921760559,-0.1716686189174652,-0.043941043949707215,0.02464321255683899,-0.12628492712974548,-0.04319888044057674,0.007655620574951172,-0.17008092999458313,-0.009174636266215508,0.008836895227432251,-0.2296188473701477,-0.031119570768459504,0.010061323642730713,-0.1933487355709076,-0.0328598140543539,0.011593729257583618,-0.15827789902687073,-0.02735758263526744,-0.014375776052474976,-0.16701731085777283,-0.010716540440006916,-0.01557961106300354,-0.22764253616333008,-0.022699881977422898,-0.014073163270950317,-0.26446235179901123,-0.025079915932400887,-0.011258572340011597,-0.3011306971311569,-0.023992267138345902,I_LOVE_YOU
0.0,0.0,0.0,0.03998813033103943,-0.011368930339813232,-0.018356549062625405,0.07705098390579224,-0.06210589408874512,-0.02417692027320051,0.10170963406562805,-0.11377280950546265,-0.029037889533535477,0.12313064932823181,-0.142208993434906,-0.032901082628265854,0.05418813228607178,-0.15746501088142395,-0.010246403955713745,0.07151788473129272,-0.23344972729682922,-0.019008942388788697,0.08051177859306335,-0.2776820659637451,-0.023204725676075455,0.08799591660499573,-0.31651365756988525,-0.026223646917239662,0.030648469924926758,-0.1671624779701233,-0.008474707112506863,0.03503453731536865,-0.2191254198551178,-0.033463933014170166,0.02970409393310547,-0.17092683911323547,-0.04293003349830293,0.025060415267944336,-0.12646347284317017,-0.042418353699938294,0.008219420909881592,-0.16978347301483154,-0.00845551907350206,0.00931599736213684,-0.23008903861045837,-0.030291507460967537,0.010216504335403442,-0.19235697388648987,-0.032056808912054535,0.011681139469146729,-0.15628769993782043,-0.02665857455958509,-0.013907194137573242,-0.16702252626419067,-0.009907414645747181,-0.014920651912689209,-0.22732922434806824,-0.022040650688902375,-0.013890713453292847,-0.2645520269870758,-0.024688601934210297,-0.011267781257629395,-0.3015381991863251,-0.02383153557111406,I_LOVE_YOU
0.0,0.0,0.0,0.03983348608016968,-0.012154877185821533,-0.01815769106466636,0.07674062252044678,-0.062349796295166016,-0.024047714027951805,0.1013631522655487,-0.11349630355834961,-0.02902664460558757,0.12272408604621887,-0.14164522290229797,-0.03300465487260684,0.053920239210128784,-0.1573808789253235,-0.01002201654333934,0.07118150591850281,-0.23349466919898987,-0.01885063603837356,0.08008190989494324,-0.27785420417785645,-0.023162287029813378,0.08749163150787354,-0.3165556788444519,-0.026280533823560326,0.03023037314414978,-0.1672266125679016,-0.008437228690277188,0.03456920385360718,-0.2195899784564972,-0.03349228419680461,0.029630452394485474,-0.1728123426437378,-0.04324482597727641,0.025495469570159912,-0.12894457578659058,-0.04301384680290088,0.0076604485511779785,-0.1701022982597351,-0.008604048121164887,0.008619457483291626,-0.23030966520309448,-0.030361203777979462,0.009830623865127563,-0.1946680247783661,-0.032542692798565476,0.011561006307601929,-0.15948882699012756,-0.027589427608440964,-0.014413386583328247,-0.16729974746704102,-0.010227333124171345,-0.015584051609039307,-0.22768867015838623,-0.022315355318974106,-0.014471560716629028,-0.2648804187774658,-0.025176955688189118,-0.011813461780548096,-0.3013126105070114,-0.024548173251937477,I_LOVE_YOU
0.0,0.0,0.0,0.03954795002937317,-0.011326909065246582,-0.0186208737747231,0.07634186744689941,-0.06108516454696655,-0.02475948722227006,0.10130465030670166,-0.11221352219581604,-0.02983441666825204,0.12280356884002686,-0.14080914855003357,-0.03383284338875203,0.05394744873046875,-0.1568409502506256,-0.010797028403119135,0.07113701105117798,-0.23275339603424072,-0.019863975207642603,0.0799211859703064,-0.2771206349134445,-0.024195606793598223,0.08734622597694397,-0.3159886300563812,-0.027271320085362483,0.03010845184326172,-0.1670493185520172,-0.009015677470103789,0.03434377908706665,-0.21951442956924438,-0.034319831963018466,0.029474526643753052,-0.17110136151313782,-0.04380328112407117,0.025372952222824097,-0.1263839602470398,-0.04318813883824735,0.007456749677658081,-0.17012113332748413,-0.009015677470103789,0.008404344320297241,-0.22956573963165283,-0.030859653811291743,0.009803920984268188,-0.19315111637115479,-0.032730712528661776,0.011743903160095215,-0.1582629382610321,-0.027425105656818438,-0.014608204364776611,-0.16748055815696716,-0.010495864759520579,-0.015750259160995483,-0.22752898931503296,-0.022478331785038996,-0.014452725648880005,-0.2640598714351654,-0.025002981509403277,-0.011623919010162354,-0.3002355545759201,-0.024080266218022395,I_LOVE_YOU
0.0,0.0,0.0,0.039533644914627075,-0.010971367359161377,-0.01872012317826144,0.07625401020050049,-0.06090247631072998,-0.02493034974386088,0.10133254528045654,-0.11209604144096375,-0.030054426944750467,0.1226034164428711,-0.14072296023368835,-0.034066795564192454,0.05388936400413513,-0.1568148136138916,-0.010963726050156275,0.07110536098480225,-0.23261886835098267,-0.020049059024947802,0.07997697591781616,-0.2770981639623642,-0.02438088618864409,0.08739215135574341,-0.31599973142147064,-0.027473219863074938,0.030141472816467285,-0.16710510849952698,-0.009155605181056181,0.03439682722091675,-0.21969890594482422,-0.03447569832851283,0.029507964849472046,-0.17114469408988953,-0.043931598967808405,0.025305509567260742,-0.1263214349746704,-0.04326713383843295,0.007502198219299316,-0.17032617330551147,-0.009142827435332457,0.008426040410995483,-0.22959911823272705,-0.031025574735301653,0.009886711835861206,-0.1931084394454956,-0.03278897256304614,0.01178249716758728,-0.15804743766784668,-0.027396549663442293,-0.014497727155685425,-0.1676686406135559,-0.010625102749961535,-0.01565912365913391,-0.22800111770629883,-0.02263026610662333,-0.014378249645233154,-0.2644273340702057,-0.025134801126021067,-0.011545717716217041,-0.3008691221475601,-0.024176431081193606,I_LOVE_YOU
0.0,0.0,0.0,0.040106236934661865,-0.01092517375946045,-0.018696909489425373,0.07711389660835266,-0.06156677007675171,-0.024724878089817715,0.10142695903778076,-0.11332163214683533,-0.02973115602353449,0.12330752611160278,-0.14157119393348694,-0.033715741427930546,0.05452868342399597,-0.15756112337112427,-0.0105106250367486,0.0715796947479248,-0.2334132194519043,-0.019450405331643772,0.08036866784095764,-0.277912899851799,-0.023881982731016826,0.08774793148040771,-0.3166200816631317,-0.02707476327041025,0.0306147038936615,-0.16733840107917786,-0.00872266916403408,0.03512907028198242,-0.21898645162582397,-0.03394562164166803,0.029301971197128296,-0.1737583577632904,-0.04400925868967409,0.02442517876625061,-0.13042375445365906,-0.043983718099387836,0.007756471633911133,-0.17023369669914246,-0.008729055242928219,0.008576720952987671,-0.22938060760498047,-0.030599588247331333,0.009225547313690186,-0.19598087668418884,-0.033409235718043995,0.01057356595993042,-0.16217461228370667,-0.028862720074447346,-0.014515042304992676,-0.16743695735931396,-0.010204119326862049,-0.015521883964538574,-0.2281048595905304,-0.022311135845574093,-0.014555364847183228,-0.2656104266643524,-0.02536343382516737,-0.011891782283782959,-0.3018234223127365,-0.024890901239904117,I_LOVE_YOU
0.0,0.0,0.0,0.04034453630447388,-0.010914236307144165,-0.01831694623576796,0.07738834619522095,-0.06159365177154541,-0.024161410761348368,0.1020822525024414,-0.11286512017250061,-0.029286558983198763,0.1242901086807251,-0.1403609812259674,-0.0334997114365021,0.056106626987457275,-0.15815001726150513,-0.009267657307259203,0.07275629043579102,-0.23380398750305176,-0.01821418596553004,0.08136215806007385,-0.27854257822036743,-0.02294113790737784,0.08876189589500427,-0.31721697747707367,-0.026280830857626558,0.03221631050109863,-0.16793692111968994,-0.007758372706643701,0.036682069301605225,-0.22024419903755188,-0.03296022234605944,0.031203746795654297,-0.17744919657707214,-0.04349310813593066,0.02642601728439331,-0.13516828417778015,-0.0437243145530144,0.009176284074783325,-0.17061349749565125,-0.008066652586034895,0.00962209701538086,-0.22926568984985352,-0.030160016623608232,0.010101348161697388,-0.19483843445777893,-0.03319143248843348,0.011622816324234009,-0.15949541330337524,-0.02854154935228026,-0.013459980487823486,-0.16797849535942078,-0.009858526532820822,-0.013800054788589478,-0.22893503308296204,-0.02202914400147593,-0.012832850217819214,-0.26697900891304016,-0.02513763053464091,-0.010261446237564087,-0.3029332756996155,-0.024585294780604006,I_LOVE_YOU
0.0,0.0,0.0,0.0402008593082428,-0.011904478073120117,-0.01841405702151233,0.07728704810142517,-0.06118747591972351,-0.024366987099422754,0.10199868679046631,-0.11250492930412292,-0.029545133163704218,0.123604416847229,-0.14163339138031006,-0.03380644989527637,0.054849594831466675,-0.15822774171829224,-0.009032703166379275,0.07154494524002075,-0.23346257209777832,-0.017949185495747866,0.08037316799163818,-0.27824829518795013,-0.022675373753084482,0.08814164996147156,-0.3171560615301132,-0.02603277487076694,0.0311601459980011,-0.16817456483840942,-0.00751541617654139,0.03600010275840759,-0.22210747003555298,-0.03267009851850444,0.030728459358215332,-0.1776162087917328,-0.04310386550940448,0.025880664587020874,-0.13395211100578308,-0.04312968922175342,0.008413940668106079,-0.17085248231887817,-0.007825330061389746,0.009474337100982666,-0.23007148504257202,-0.029829220076574625,0.010205268859863281,-0.1957184374332428,-0.03269592223085338,0.011533737182617188,-0.16084134578704834,-0.02791808468617374,-0.014082193374633789,-0.1680886149406433,-0.0096267053610819,-0.014132380485534668,-0.22923678159713745,-0.021732716982735933,-0.012789428234100342,-0.26682049036026,-0.02466398959375793,-0.010127127170562744,-0.30242404341697693,-0.023927941148652376,I_LOVE_YOU
0.0,0.0,0.0,0.04039502143859863,-0.011039137840270996,-0.018309861319494303,0.07797488570213318,-0.061356425285339355,-0.02397230629844671,0.10256263613700867,-0.11264294385910034,-0.0288643500678063,0.12462976574897766,-0.14046967029571533,-0.032819075407815035,0.05635690689086914,-0.15807810425758362,-0.008930233205092009,0.073539137840271,-0.23350581526756287,-0.017719220267963465,0.082241952419281,-0.2782413959503174,-0.022328784587216433,0.08967098593711853,-0.3166869431734085,-0.025590145858359392,0.03251248598098755,-0.1681399941444397,-0.007338072071206625,0.03740289807319641,-0.2197723388671875,-0.032613636823725756,0.03122386336326599,-0.17784607410430908,-0.04339924258215433,0.025615841150283813,-0.13527101278305054,-0.04375876289827829,0.00946614146232605,-0.17140796780586243,-0.0075627722687841015,0.01012846827507019,-0.23003101348876953,-0.029583390700054224,0.010585904121398926,-0.19709017872810364,-0.03305019614322191,0.011950552463531494,-0.16206729412078857,-0.02876163077576166,-0.0130404531955719,-0.1692689061164856,-0.009231973337364252,-0.013415008783340454,-0.2302054464817047,-0.0211988649241448,-0.012359410524368286,-0.26840756833553314,-0.02437034611625677,-0.009682327508926392,-0.3041786104440689,-0.023908106508088167,I_LOVE_YOU
0.0,0.0,0.0,0.04020288586616516,-0.01148378849029541,-0.01809725919169669,0.0775989294052124,-0.06085562705993652,-0.023772042332117604,0.10252809524536133,-0.11189532279968262,-0.02874878802699332,0.12416476011276245,-0.14083188772201538,-0.03275603996021037,0.05545997619628906,-0.15733468532562256,-0.008686683228139924,0.07297146320343018,-0.23261207342147827,-0.017631899652903127,0.0816938579082489,-0.27743808925151825,-0.02227255338234191,0.08933079242706299,-0.3158496618270874,-0.02553006084067111,0.03168359398841858,-0.1678970456123352,-0.0073423153663921825,0.036630332469940186,-0.2198200821876526,-0.03296286435229068,0.030576080083847046,-0.17653053998947144,-0.043691953731601285,0.025228500366210938,-0.13326942920684814,-0.04376951800090556,0.008846282958984375,-0.17164430022239685,-0.007833525625889348,0.009789228439331055,-0.2299492061138153,-0.029938038526003408,0.010806351900100708,-0.19722357392311096,-0.033221395773713636,0.012487828731536865,-0.16252735257148743,-0.028722934512321996,-0.013540297746658325,-0.16965875029563904,-0.009785445494477796,-0.013781100511550903,-0.23041269183158875,-0.021755490539495992,-0.01266789436340332,-0.26773524284362793,-0.024767391471092748,-0.009845882654190063,-0.3028279095888138,-0.024121061054890203,I_LOVE_YOU
0.0,0.0,0.0,0.040524065494537354,-0.011869698762893677,-0.01808362297373689,0.07771733403205872,-0.06161046028137207,-0.02388014860111154,0.10274043679237366,-0.11224842071533203,-0.02894407726484216,0.12439563870429993,-0.140825092792511,-0.033056913238343366,0.0559215247631073,-0.15766456723213196,-0.009035386439737447,0.07324144244194031,-0.23291170597076416,-0.018070770722207197,0.08212444186210632,-0.2773534953594208,-0.022813381921824583,0.08978000283241272,-0.3158571273088455,-0.026193617206391462,0.03205752372741699,-0.16782313585281372,-0.007692288436320194,0.037139296531677246,-0.22098487615585327,-0.033056913238343366,0.03141942620277405,-0.17717278003692627,-0.04351893655615724,0.02625015377998352,-0.13441717624664307,-0.04369887552815355,0.009074628353118896,-0.17080241441726685,-0.008174261372861036,0.010125517845153809,-0.23058295249938965,-0.030332157682952055,0.010712742805480957,-0.19607698917388916,-0.03321114398198999,0.012103080749511719,-0.16077443957328796,-0.02853279217737592,-0.013515174388885498,-0.16813474893569946,-0.010115005370554098,-0.01425468921661377,-0.22900211811065674,-0.022414950948533185,-0.013214856386184692,-0.2670016437768936,-0.025563840117630132,-0.010543107986450195,-0.30331531167030334,-0.025062589269456037,I_LOVE_YOU
0.0,0.0,0.0,0.04070881009101868,-0.011568784713745117,-0.017581095414453518,0.07833206653594971,-0.062472522258758545,-0.02296490358024217,0.10375547409057617,-0.11333480477333069,-0.0276403179934559,0.12528705596923828,-0.1411643922328949,-0.03137549893766023,0.055854469537734985,-0.15829616785049438,-0.008565145971470844,0.07323575019836426,-0.23353683948516846,-0.017091657461815846,0.08232918381690979,-0.27780261635780334,-0.02143219249158479,0.08996069431304932,-0.316258043050766,-0.02462641471832372,0.03206560015678406,-0.16821610927581787,-0.007393072320365679,0.036773890256881714,-0.2214081883430481,-0.03243165226488687,0.0315985381603241,-0.1757754683494568,-0.04255527393727876,0.026768803596496582,-0.13194596767425537,-0.042529517280155194,0.009242027997970581,-0.1713586151599884,-0.008017749021047127,0.010195732116699219,-0.23131468892097473,-0.029804147275382054,0.011213243007659912,-0.19663840532302856,-0.03250892968683816,0.012725532054901123,-0.1618172824382782,-0.027794874700003636,-0.013132452964782715,-0.16912007331848145,-0.010052777322226536,-0.014037221670150757,-0.23051154613494873,-0.022101949395829212,-0.012996315956115723,-0.2684306800365448,-0.02511585267096139,-0.010577559471130371,-0.3053603768348694,-0.024613534527116787,I_LOVE_YOU
0.0,0.0,0.0,0.04067784547805786,-0.012349128723144531,-0.017945168128298494,0.07854515314102173,-0.06246989965438843,-0.02379348646669266,0.10363990068435669,-0.11343029141426086,-0.028815555905984613,0.12497901916503906,-0.14323094487190247,-0.032791897242950174,0.05566492676734924,-0.15807431936264038,-0.0094696241971719,0.07298719882965088,-0.23384466767311096,-0.01857776712446091,0.08213073015213013,-0.27827081084251404,-0.023109247496412966,0.09003639221191406,-0.31766805052757263,-0.026440079843686792,0.03202441334724426,-0.16821926832199097,-0.008372258914695951,0.037028491497039795,-0.2241956889629364,-0.03379889163939831,0.03301054239273071,-0.17600515484809875,-0.04355899948446629,0.029404878616333008,-0.13129103183746338,-0.043249155914472315,0.009151279926300049,-0.17105689644813538,-0.009088773800121519,0.010505884885787964,-0.23300021886825562,-0.03137177187769291,0.012034296989440918,-0.19492700695991516,-0.03307592082588551,0.013888686895370483,-0.15898460149765015,-0.027576176038073275,-0.013517379760742188,-0.168641597032547,-0.011296418083893034,-0.014475136995315552,-0.230604350566864,-0.023909680133746836,-0.013144373893737793,-0.2683228403329849,-0.026672461589859697,-0.010504573583602905,-0.3064817041158676,-0.025923672651933405,I_LOVE_YOU
0.0,0.0,0.0,0.04076981544494629,-0.0123521089553833,-0.017720710644715698,0.07832378149032593,-0.06272876262664795,-0.02335207366406289,0.10356810688972473,-0.11364421248435974,-0.02831180782079068,0.12479868531227112,-0.1429261565208435,-0.03218660146951047,0.0553189218044281,-0.15793359279632568,-0.008995969007008942,0.07267606258392334,-0.23403501510620117,-0.018030693913095863,0.08179458975791931,-0.2784217447042465,-0.02248670362889138,0.08984622359275818,-0.3177497386932373,-0.02578027748524514,0.03189876675605774,-0.1679132580757141,-0.007930400939875515,0.036850810050964355,-0.22238725423812866,-0.03345236570596066,0.03321194648742676,-0.17379263043403625,-0.04334600285648671,0.030170053243637085,-0.12918433547019958,-0.0431135149395403,0.009224504232406616,-0.17090895771980286,-0.008685984807306202,0.010630965232849121,-0.2319042682647705,-0.031101659098857315,0.01222217082977295,-0.19316425919532776,-0.03298739359735814,0.014321982860565186,-0.15659970045089722,-0.027562683606737526,-0.012955009937286377,-0.1687839925289154,-0.010920448387258919,-0.013976633548736572,-0.230332612991333,-0.023571645999544533,-0.012919992208480835,-0.26807400584220886,-0.02650357239901391,-0.010397493839263916,-0.3061617463827133,-0.02587068841814366,I_LOVE_YOU
0.0,0.0,0.0,0.04130089282989502,-0.01240074634552002,-0.017334610814183415,0.07927653193473816,-0.0628105103969574,-0.022777472281783284,0.1036297082901001,-0.11406564712524414,-0.027446468019812764,0.1251644492149353,-0.14252883195877075,-0.031238413074939908,0.05651083588600159,-0.15980398654937744,-0.008834976362019242,0.07351088523864746,-0.2358534038066864,-0.017166939223139943,0.08243200182914734,-0.2803691029548645,-0.02142320632371253,0.0897282063961029,-0.3191652446985245,-0.02450577414962596,0.03251203894615173,-0.1692909300327301,-0.007712870495348634,0.03623655438423157,-0.22487980127334595,-0.03196068912181205,0.03216373920440674,-0.17880943417549133,-0.0416598139646942,0.028463125228881836,-0.1342187523841858,-0.04142765387329406,0.009472280740737915,-0.17152458429336548,-0.008235230700998963,0.009643733501434326,-0.23222291469573975,-0.029329542661040486,0.011696875095367432,-0.19576367735862732,-0.03100625298353976,0.013854831457138062,-0.1593957543373108,-0.02571816615197009,-0.013775736093521118,-0.16814598441123962,-0.01018279384258336,-0.014915406703948975,-0.23041775822639465,-0.02164246759745425,-0.013686031103134155,-0.2682916522026062,-0.02375770233008212,-0.01110336184501648,-0.3052643984556198,-0.022622697645753087,I_LOVE_YOU
0.0,0.0,0.0,0.04092484712600708,-0.013320118188858032,-0.01717486708564131,0.07868897914886475,-0.06375473737716675,-0.02238727091950743,0.10321974754333496,-0.11514785885810852,-0.02673963002068369,0.1241837739944458,-0.1437874436378479,-0.03012769214016764,0.05581033229827881,-0.16077464818954468,-0.008502726546948836,0.07281488180160522,-0.236440509557724,-0.01656240887147753,0.08176350593566895,-0.28129664063453674,-0.020667175866192267,0.0889420211315155,-0.3202616721391678,-0.02372946507436602,0.03151082992553711,-0.17061331868171692,-0.0073885746407267305,0.03508162498474121,-0.2267986536026001,-0.031613231740420744,0.030492931604385376,-0.17940479516983032,-0.04094343363446562,0.025914400815963745,-0.13341739773750305,-0.04037007047933905,0.008448272943496704,-0.1727808713912964,-0.007948908127373144,0.009042590856552124,-0.2331603765487671,-0.028928839705413267,0.010209977626800537,-0.1975918412208557,-0.03054468809766142,0.011192411184310913,-0.16198062896728516,-0.025228033877437994,-0.0140761137008667,-0.1691218912601471,-0.009936138160055563,-0.015454500913619995,-0.23024976253509521,-0.021553286455100462,-0.0142897367477417,-0.26735931634902954,-0.023885839722579405,-0.011969059705734253,-0.30383290350437164,-0.02288245140714018,I_LOVE_YOU
0.0,0.0,0.0,0.040888190269470215,-0.012792080640792847,-0.01760702123508162,0.07818004488945007,-0.0633338987827301,-0.02313768406972594,0.10288304090499878,-0.11419683694839478,-0.027874534107896753,0.124428391456604,-0.14179956912994385,-0.03154428964123435,0.05475860834121704,-0.15990805625915527,-0.008575775750133463,0.07213786244392395,-0.23481392860412598,-0.01720360768601603,0.08083480596542358,-0.27952419221401215,-0.021602110095474192,0.08847925066947937,-0.318654328584671,-0.02484242906436629,0.030537962913513184,-0.1693497896194458,-0.007254923317733475,0.03509572148323059,-0.22285234928131104,-0.03263740902409262,0.03038617968559265,-0.17553073167800903,-0.0427097185479135,0.026415705680847168,-0.12979871034622192,-0.042371372781845995,0.007469147443771362,-0.17185825109481812,-0.00770388226598806,0.007423847913742065,-0.23122820258140564,-0.02933202599749274,0.00918087363243103,-0.19769829511642456,-0.03183058192596144,0.011305272579193115,-0.16285622119903564,-0.026989624925109812,-0.01478874683380127,-0.1688859760761261,-0.009590813979658552,-0.016214996576309204,-0.23001614212989807,-0.02128979107007689,-0.015255540609359741,-0.26723626255989075,-0.024022589527222582,-0.01283574104309082,-0.3031172901391983,-0.02331986939177222,I_LOVE_YOU
0.0,0.0,0.0,0.04170617461204529,-0.013749122619628906,-0.017339149974652024,0.07950392365455627,-0.06528955698013306,-0.022215785943337174,0.10369598865509033,-0.1174798309803009,-0.026137736179300042,0.12410563230514526,-0.14437955617904663,-0.029182406627007218,0.055509865283966064,-0.1615484356880188,-0.008959849849708768,0.07200059294700623,-0.2375190556049347,-0.0169392121214349,0.0807848572731018,-0.28244948387145996,-0.021080483235784264,0.08770814538002014,-0.3215121030807495,-0.024228362851210328,0.031093627214431763,-0.1704893708229065,-0.007714888565607758,0.03416562080383301,-0.22970467805862427,-0.031736834459372254,0.03024110198020935,-0.18380281329154968,-0.04118048261887619,0.02621239423751831,-0.13780701160430908,-0.040741840862103196,0.0080069899559021,-0.17201688885688782,-0.00812127489633152,0.00793677568435669,-0.23398518562316895,-0.029053396098681183,0.009717285633087158,-0.2002105712890625,-0.031143384538956376,0.010875940322875977,-0.16494423151016235,-0.026189340763159485,-0.014722049236297607,-0.1679314374923706,-0.009953238554664345,-0.015797406435012817,-0.22986620664596558,-0.021712638922401162,-0.014485418796539307,-0.2681750953197479,-0.02449928831345627,-0.012384891510009766,-0.30486738681793213,-0.023918739073343964,I_LOVE_YOU
0.0,0.0,0.0,0.04144904017448425,-0.014014959335327148,-0.01694244439331094,0.07916572690010071,-0.06646847724914551,-0.021803622269902623,0.10359036922454834,-0.11737817525863647,-0.02597406985786954,0.1247972846031189,-0.14253410696983337,-0.02924526589540044,0.054273903369903564,-0.16157633066177368,-0.007806555969540274,0.07128852605819702,-0.2363763153553009,-0.015834667855773366,0.08002537488937378,-0.28137344121932983,-0.019979051450167096,0.08748957514762878,-0.3200126439332962,-0.023132951134715474,0.03007778525352478,-0.17035984992980957,-0.006750911610100663,0.03410777449607849,-0.2268768548965454,-0.03153901095119516,0.02961781620979309,-0.18156534433364868,-0.04167841295329133,0.025418341159820557,-0.13592654466629028,-0.041522017815981305,0.007207751274108887,-0.17211401462554932,-0.007376478655163443,0.006749927997589111,-0.2323676347732544,-0.02864576424089471,0.008523255586624146,-0.2008625864982605,-0.03166933650699655,0.010431140661239624,-0.16677895188331604,-0.027290367657218373,-0.015102744102478027,-0.16838374733924866,-0.009370474280689156,-0.01624739170074463,-0.22966673970222473,-0.02094346577850381,-0.01502072811126709,-0.2678401470184326,-0.024019171619687474,-0.012775957584381104,-0.3034612834453583,-0.023680324802074826,I_LOVE_YOU
0.0,0.0,0.0,0.04136258363723755,-0.01383119821548462,-0.01716820632996585,0.07915115356445312,-0.06618130207061768,-0.022097434084439538,0.10346344113349915,-0.11709290742874146,-0.026224532331848405,0.12443000078201294,-0.1427050232887268,-0.029445993881249688,0.05431574583053589,-0.16133975982666016,-0.00832535250070121,0.07134917378425598,-0.23649632930755615,-0.016443700696850083,0.08007967472076416,-0.2815272957086563,-0.020609609018588326,0.08742329478263855,-0.32031531631946564,-0.02372757269027259,0.030089259147644043,-0.17020291090011597,-0.007122155446136258,0.03404155373573303,-0.22730988264083862,-0.031748890112662576,0.02927631139755249,-0.1825692057609558,-0.04165909362914588,0.024961858987808228,-0.1369532346725464,-0.0413744665491822,0.007008671760559082,-0.17192038893699646,-0.007620253301733992,0.006485998630523682,-0.23266029357910156,-0.02879911398472812,0.00812867283821106,-0.20127105712890625,-0.03169713837983634,0.009918749332427979,-0.1673244833946228,-0.027194849382663033,-0.015461653470993042,-0.16834333539009094,-0.009496205653572343,-0.016395747661590576,-0.22993609309196472,-0.021036551501179,-0.015110403299331665,-0.26815834641456604,-0.02405101356985595,-0.0126839280128479,-0.3040297031402588,-0.02364994695367839,I_LOVE_YOU
0.0,0.0,0.0,0.04151514172554016,-0.014074504375457764,-0.0171518976882028,0.07911643385887146,-0.06626325845718384,-0.02208387470691675,0.1034422516822815,-0.11720329523086548,-0.026252109472446383,0.12457829713821411,-0.14273977279663086,-0.02948831572084898,0.054241836071014404,-0.1613345742225647,-0.008304107849292697,0.07138893008232117,-0.23662835359573364,-0.01645287490337366,0.08011165261268616,-0.2816143333911896,-0.020608164285116137,0.08747836947441101,-0.32052917778491974,-0.023714924146227778,0.030001848936080933,-0.17020264267921448,-0.0071261286817418945,0.033826857805252075,-0.22710594534873962,-0.03184427498727316,0.029191434383392334,-0.18211013078689575,-0.04178589760213369,0.025004059076309204,-0.1367042362689972,-0.04150111405997747,0.007012546062469482,-0.17201635241508484,-0.007656866599612178,0.006385385990142822,-0.2326948642730713,-0.02889285600631708,0.008186757564544678,-0.20119819045066833,-0.031792497177414836,0.010135620832443237,-0.16714271903038025,-0.027313584376864375,-0.015391439199447632,-0.1683923304080963,-0.009566227820508422,-0.016326040029525757,-0.2300194501876831,-0.021177736957364024,-0.01507943868637085,-0.26828551292419434,-0.024232715283327044,-0.012716352939605713,-0.30405913293361664,-0.023844370533518733,I_LOVE_YOU
0.0,0.0,0.0,0.04180958867073059,-0.015204638242721558,-0.017677525230436864,0.07906192541122437,-0.06456166505813599,-0.022546935998588147,0.10227546095848083,-0.11617991328239441,-0.02652275952020222,0.12158042192459106,-0.1451135277748108,-0.029708596118479313,0.05501750111579895,-0.16208940744400024,-0.008605657317429127,0.07127422094345093,-0.23839542269706726,-0.016900493004112782,0.08011442422866821,-0.2836468070745468,-0.021666297861128392,0.08687078952789307,-0.3221547603607178,-0.024916891180663647,0.030899465084075928,-0.1702384054660797,-0.0070451150506132265,0.03217053413391113,-0.23000580072402954,-0.03058923425593907,0.027750849723815918,-0.18997538089752197,-0.04079427773573929,0.023849070072174072,-0.14702031016349792,-0.040975587614565434,0.007798314094543457,-0.17146602272987366,-0.007148719099103751,0.006758004426956177,-0.23192933201789856,-0.028050925754695477,0.007870286703109741,-0.1994270384311676,-0.030796444215565266,0.009159445762634277,-0.16403943300247192,-0.026056537576704564,-0.015106886625289917,-0.1670127511024475,-0.008722213268964829,-0.016063570976257324,-0.22866612672805786,-0.020423045553951802,-0.015360355377197266,-0.26787109673023224,-0.023220366039066853,-0.0136260986328125,-0.303859606385231,-0.022352677010684552,I_LOVE_YOU
0.0,0.0,0.0,0.041398316621780396,-0.015191376209259033,-0.017484653130695804,0.07851210236549377,-0.06664133071899414,-0.022586518288180812,0.10207873582839966,-0.11803707480430603,-0.026827196911499485,0.1225862205028534,-0.1452789008617401,-0.030219740555212482,0.05375409126281738,-0.16190099716186523,-0.008585750446245655,0.07026559114456177,-0.23742207884788513,-0.016793095827624782,0.07868781685829163,-0.2829771637916565,-0.021085969493315204,0.08592471480369568,-0.3216456025838852,-0.02417840188793896,0.029517382383346558,-0.17059317231178284,-0.007156967040673479,0.03278571367263794,-0.22916123270988464,-0.031420179963634,0.02786916494369507,-0.18640220165252686,-0.04157171151094197,0.023698240518569946,-0.14101970195770264,-0.041519520193860515,0.006353646516799927,-0.17225122451782227,-0.0074309803029155574,0.0056552886962890625,-0.23313704133033752,-0.02826250283472298,0.006356477737426758,-0.20459815859794617,-0.031785530359075054,0.007728397846221924,-0.1716042160987854,-0.02787105491809605,-0.016374051570892334,-0.16818493604660034,-0.009075058945045456,-0.017285466194152832,-0.2298203408718109,-0.020263930172250255,-0.016413003206253052,-0.26853513717651367,-0.023460750788972362,-0.014568299055099487,-0.3037126511335373,-0.023265025899336322,I_LOVE_YOU
0.0,0.0,0.0,0.04175874590873718,-0.01376122236251831,-0.018083391258609804,0.07909077405929565,-0.06394824385643005,-0.023015224853647265,0.102873295545578,-0.11705946922302246,-0.026898558730376276,0.12374007701873779,-0.14478471875190735,-0.030005223596585306,0.055248409509658813,-0.163062185049057,-0.008737504029763254,0.07133451104164124,-0.2389870584011078,-0.01655594773043445,0.0800909698009491,-0.28419217467308044,-0.020918225417030367,0.08668869733810425,-0.32257460057735443,-0.023947223568451914,0.030794978141784668,-0.17160308361053467,-0.006763476891559872,0.031114667654037476,-0.22853535413742065,-0.029927555019152674,0.027003169059753418,-0.18652856349945068,-0.0396876684521561,0.02316761016845703,-0.14313307404518127,-0.039558222064865145,0.007829815149307251,-0.17283132672309875,-0.00646575448487452,0.006153196096420288,-0.2302592694759369,-0.027364557156456026,0.0077683329582214355,-0.19462934136390686,-0.02961689188529304,0.009313762187957764,-0.15811216831207275,-0.024439112762105974,-0.01484215259552002,-0.16833940148353577,-0.0076372265015964835,-0.016264736652374268,-0.22917580604553223,-0.019209559554350886,-0.015244364738464355,-0.26719507575035095,-0.021656058276188883,-0.013113349676132202,-0.3028971999883652,-0.020439279744518313,I_LOVE_YOU
0.0,0.0,0.0,0.04119512438774109,-0.01490059494972229,-0.017334436997771263,0.07831457257270813,-0.06752565503120422,-0.022001398727297783,0.10273480415344238,-0.12000882625579834,-0.025870926678180695,0.12394016981124878,-0.1463509202003479,-0.02889072708785534,0.05400669574737549,-0.16283151507377625,-0.007627936080098152,0.07080602645874023,-0.23804202675819397,-0.015386599116027355,0.07909619808197021,-0.2841596305370331,-0.019321490079164505,0.08614689111709595,-0.32352541387081146,-0.022197488695383072,0.02950003743171692,-0.1722000241279602,-0.006006918381899595,0.032447606325149536,-0.2290056347846985,-0.030145708471536636,0.027182817459106445,-0.18402722477912903,-0.04002869129180908,0.02274268865585327,-0.1377880573272705,-0.039636507630348206,0.006209701299667358,-0.1742914915084839,-0.006072281859815121,0.0055505335330963135,-0.23350268602371216,-0.027034400030970573,0.006032049655914307,-0.2020879089832306,-0.03017185442149639,0.007080286741256714,-0.16752800345420837,-0.025727126747369766,-0.01645195484161377,-0.1706986129283905,-0.007484136149287224,-0.017620980739593506,-0.23192667961120605,-0.018563272431492805,-0.016683638095855713,-0.26987186074256897,-0.021360835060477257,-0.014623641967773438,-0.3045840710401535,-0.02072027139365673,I_LOVE_YOU
0.0,0.0,0.0,0.04244357347488403,-0.015823721885681152,-0.017966715379339693,0.07974588871002197,-0.06542593240737915,-0.022756973041874407,0.1031930148601532,-0.11789289116859436,-0.0265216750490489,0.12288668751716614,-0.14691275358200073,-0.029520453645569322,0.05447101593017578,-0.16416415572166443,-0.008496545946878431,0.0700838565826416,-0.23998808860778809,-0.016201201586705682,0.07888320088386536,-0.28531718254089355,-0.020770767464024065,0.0854845941066742,-0.32405002415180206,-0.02402918203054094,0.030198246240615845,-0.17263370752334595,-0.006516832618695734,0.030471235513687134,-0.2294052243232727,-0.029468524961453912,0.02565586566925049,-0.188447505235672,-0.039438491447550295,0.021154433488845825,-0.14530539512634277,-0.03964619873343134,0.007269322872161865,-0.1738637089729309,-0.0062182524639191605,0.0053456127643585205,-0.2320043444633484,-0.026742361246329782,0.006462007761001587,-0.198594868183136,-0.029520453645569322,0.007446348667144775,-0.1629382073879242,-0.02491193799553537,-0.01538240909576416,-0.1692172884941101,-0.007399589980674026,-0.01704537868499756,-0.2298433482646942,-0.018836492432934282,-0.016693592071533203,-0.2681643068790436,-0.021601598470193384,-0.01542752981185913,-0.30350492894649506,-0.020770767464024065,I_LOVE_YOU
0.0,0.0,0.0,0.042114704847335815,-0.016148269176483154,-0.016217855473750653,0.07893228530883789,-0.06992456316947937,-0.020059959700101437,0.10165384411811829,-0.12339526414871216,-0.02332705419301373,0.12167847156524658,-0.1499946415424347,-0.0259276607239185,0.05271655321121216,-0.16383463144302368,-0.006596260441237511,0.06904655694961548,-0.23948198556900024,-0.013930889514976563,0.07743808627128601,-0.28544650971889496,-0.017720719536536755,0.08436834812164307,-0.3247087895870209,-0.02051735270559174,0.028337210416793823,-0.17277070879936218,-0.0053286279717026375,0.03055688738822937,-0.22986668348312378,-0.02882884043990952,0.025211483240127563,-0.18670576810836792,-0.03878694746434075,0.0205402672290802,-0.14191582798957825,-0.0386301239186464,0.00525626540184021,-0.17473265528678894,-0.005619399452352347,0.0040156543254852295,-0.23456352949142456,-0.026267438864105763,0.004025816917419434,-0.2031986117362976,-0.029560669993752064,0.0045112669467926025,-0.16860085725784302,-0.025313447898024144,-0.01754087209701538,-0.17091771960258484,-0.0071418650613663814,-0.019147664308547974,-0.23189154267311096,-0.01824345413386208,-0.01872459053993225,-0.27034446597099304,-0.021183838804954114,-0.017335355281829834,-0.30536527931690216,-0.020621899252527776,I_LOVE_YOU
0.0,0.0,0.0,0.04301553964614868,-0.015728473663330078,-0.018749874348793938,0.08007654547691345,-0.06572830677032471,-0.02387527030244918,0.1033484935760498,-0.11979660391807556,-0.027871778498445465,0.12419816851615906,-0.14803555607795715,-0.031063795353327706,0.05446898937225342,-0.16524994373321533,-0.008810503671918823,0.07019257545471191,-0.2414938509464264,-0.016725668947254135,0.07896903157234192,-0.2871418297290802,-0.021293107683812096,0.08553117513656616,-0.3262987583875656,-0.02456297938064189,0.02993735671043396,-0.17346778512001038,-0.0064456865964874765,0.030042409896850586,-0.23148798942565918,-0.029844083155547096,0.025592654943466187,-0.18994131684303284,-0.03991320941880794,0.021598368883132935,-0.14645889401435852,-0.04001701463297458,0.006797432899475098,-0.17447850108146667,-0.005852049014572813,0.004514873027801514,-0.23376333713531494,-0.027145141999278977,0.005609452724456787,-0.19944718480110168,-0.03010359432831855,0.0068648457527160645,-0.1635054349899292,-0.02534152034953685,-0.01586681604385376,-0.1695375144481659,-0.0067538584424600145,-0.01768195629119873,-0.23057740926742554,-0.01880177695587726,-0.01750043034553528,-0.2691471427679062,-0.0219029637827024,-0.01614716649055481,-0.3054017722606659,-0.021176327283535912,I_LOVE_YOU
0.0,0.0,0.0,0.04289081692695618,-0.017428219318389893,-0.019253128266038644,0.08008453249931335,-0.06747421622276306,-0.024506366869511353,0.10373249650001526,-0.12162774801254272,-0.028525090834202516,0.12440323829650879,-0.15191510319709778,-0.03175583394438242,0.05373266339302063,-0.16626280546188354,-0.009081547206344354,0.06944629549980164,-0.24284952878952026,-0.016744705906214463,0.07792940735816956,-0.2889370620250702,-0.02123622508913492,0.08425375819206238,-0.32828064262866974,-0.024440701177420365,0.029303431510925293,-0.17408961057662964,-0.006491045059712874,0.028484642505645752,-0.2318626046180725,-0.029418143501581895,0.024158984422683716,-0.19136542081832886,-0.039478092512192475,0.020548909902572632,-0.14843344688415527,-0.03971448825866197,0.006118416786193848,-0.17448878288269043,-0.005706342926325547,0.0033591389656066895,-0.2322475016117096,-0.026555129384698617,0.004683196544647217,-0.19830957055091858,-0.029418143501581895,0.006287187337875366,-0.16296270489692688,-0.02475589240163778,-0.016613483428955078,-0.16946741938591003,-0.006497611815186488,-0.0188295841217041,-0.23005536198616028,-0.018294413631858575,-0.018711864948272705,-0.2686704844236374,-0.021275623759331452,-0.017475157976150513,-0.3043909966945648,-0.020474505668582665,I_LOVE_YOU
0.0,0.0,0.0,0.0425010621547699,-0.016674578189849854,-0.017740566554081738,0.0796387791633606,-0.06977158784866333,-0.022596847536576092,0.1028299331665039,-0.12371468544006348,-0.02663716514648229,0.12319797277450562,-0.15304332971572876,-0.029979970576775372,0.05294868350028992,-0.16554000973701477,-0.008166194232714474,0.06870371103286743,-0.24231356382369995,-0.01610864539684087,0.07721942663192749,-0.28927847743034363,-0.020477982508552373,0.08407670259475708,-0.3291591703891754,-0.02359705445410043,0.028472721576690674,-0.17430022358894348,-0.006280931449097693,0.029794305562973022,-0.23167267441749573,-0.029874684559715092,0.02489587664604187,-0.189866304397583,-0.04013999578596383,0.02024787664413452,-0.14541861414909363,-0.04037688327075273,0.005162060260772705,-0.1760074496269226,-0.006073651174617112,0.00313645601272583,-0.23645147681236267,-0.026834573867333233,0.003342539072036743,-0.20486721396446228,-0.030111577632439435,0.004047363996505737,-0.17003688216209412,-0.025913328202975094,-0.018037110567092896,-0.17170408368110657,-0.00726468981297046,-0.01990601420402527,-0.2333155870437622,-0.018569687652004063,-0.0193575918674469,-0.27184905111789703,-0.02158347730578214,-0.01785174012184143,-0.30673062801361084,-0.02105704908312589,I_LOVE_YOU
